country,year,gross_output15,gross_output16,gross_output17,gross_output18,gross_output19,gross_output20,gross_output21,gross_output22,gross_output23,gross_output24,gross_output25,gross_output26,gross_output27,gross_output28,gross_output29,gross_output30,gross_output31,gross_output32,gross_output33,gross_output34,gross_output35,gross_output36
ALB,2010,325704431,4361800,53414661,56414409,139533061,24984596,67546980,64917693,78482289,57116999,25311671,327747477,158913172,95122832,89256780,586958,4603407,2307607,1418827,7663606,2776393,91238114
ALB,2011,342354571,4708967,62454753,60021598,167728307,30839936,65864951,58092286,128985567,86435073,37195838,354005223,179937488,105233535,89757862,472074,5098135,642950,960757,8767850,3141584,115407812
ALB,2012,383163350,3129816,64200038,64214728,134434226,31554044,49830836,52661111,132233365,88401973,34559653,316188642,194037853,122992969,117852214,224531,4629030,303651,686196,7831939,2869197,110639777
ALB,2013,374853709,5420755,72490010,68523035,159406232,35077028,44076006,49515289,64830421,42079242,16329611,321525529,187516843,125928557,123865901,335086,4969996,496534,846284,8946280,3152338,107221154
ALB,2014,334858414,6231606,84869076,80982779,185155668,29002609,50420082,54345685,71562307,44769087,17488820,319081915,196749838,130908039,134915608,328162,3248064,455315,472172,5996552,2030406,121899463
ALB,2015,312751721,15986642,12673798,129021723,159997427,24039202,42169979,59761280,19572535,42902226,38440763,255766726,168886662,158183632,7245320,290124,7360609,1011314,1071137,6950674,2340609,76708072
ALB,2016,385718653,18514069,11053704,166286581,189142525,31106718,45371704,57657488,10188719,40075439,46659602,258232113,159144212,180874779,6488811,503789,6492429,1143760,1268687,6304554,2054363,82117479
ALB,2017,422677502,23909137,12211867,183709429,208960128,34365956,50125571,63698611,11256253,44274385,51548410,285288649,175818711,199826121,7002089,529916,6610388,1443046,1811118,7275051,2126273,90719867
AZE,2010,2609812496,27749330,36668535,43240516,25996387,15133620,14379867,47821591,2691790943,151140597,53972466,563370087,168400922,168286302,270981125,9259550,93481592,36403614,22382681,3791192,12730331,79127889
AZE,2011,2882911689,28838044,66279509,48818138,25299929,18292081,35320368,57544391,3145300790,241747986,99911864,355395689,247689588,133079477,317479353,20882570,217286364,28441424,42499845,4785446,13025430,64049508
AZE,2012,3500721064,24917106,73498845,46774306,37644229,15042417,21987030,54706642,3024313780,232125196,91135309,411162803,441765683,217859211,354098861,15651748,236844885,21167155,47833835,5723959,13326630,62014014
AZE,2013,3471906503,16677267,65315898,50969930,27201893,19184466,25242785,61215411,3102711012,259305760,94371104,497379997,389030019,131856716,565342028,27055128,230061909,40090613,68329655,5923209,15911214,68097142
AZE,2014,3606502471,31301157,62099986,69539286,24407533,24492955,35788961,43410578,3637038661,318606027,87994105,637877575,358511783,167758444,710646295,21779930,206945131,30219013,31337790,105115331,17113577,62372573
AZE,2015,2676189091,26503957,29932732,51317438,11924096,15987288,31274767,36739530,2414339173,347659102,91905435,421490507,207525347,143199449,845602617,8926138,100047435,31114625,32955167,103019431,10902198,52944472
AZE,2016,2171436503,26032730,60793797,38290504,8499601,7610348,34947817,37704563,1549615159,235173796,114056208,248885457,180172361,83480707,526394948,9674565,51740842,21964317,24363353,97194875,7011873,41977237
AZE,2017,2225322140,26678749,62302436,39240709,8710524,7799204,35815070,38640226,1588069886,241009789,116886588,255061715,184643457,85552335,539457788,8037074,53024825,21886231,27468664,99606830,7185878,43018930
BEL,2010,49325403347,34324028566,5663768255,1117549269,14828323860,3853015318,5373189677,4627009116,56869985813,40050593011,9685382861,9781006560,23219145879,14845207643,15536160582,876849488,6820652944,3447304472,2119567504,21462827237,1927832084,14642216587
BEL,2011,56173237169,854237477,6149953778,1260851735,17738205476,4297321975,6647482678,4626366676,74524818457,47626275231,10633136629,11164307050,32620889547,17387103725,19760202323,1110772731,7186298837,1512838601,2260625341,26784134094,2230609332,19047245788
BEL,2012,52488265049,718237581,5036657099,842740692,477197555,3970607571,6200998845,4948001655,73538661764,59285823585,8843059307,10169293602,26283641389,14807258428,18048449244,855059246,5384212136,1156367465,2613175440,22479038488,2403333445,5928864802
BEL,2013,57401690875,688168087,4975443497,855065132,341760497,3905682728,6402764629,4141622219,70913577636,67532485463,9214787575,9909859930,24998041582,15684337311,19029049514,862501543,5027357971,1278065129,2178309116,23091141155,2540499448,5769698032
BEL,2014,56136606931,580711171,5253996582,867285559,600346808,4113801809,5971759285,4190088972,66646984717,64873540087,8919230064,9925557255,23299957665,15167214829,18698713855,1124477039,5093727137,1560178842,1617940229,22072729384,2654660647,5750459785
BEL,2015,47695192756,567287633,4626582886,821374795,98928749,3510307220,5794873672,3273410458,56280004843,60128607378,7437623531,9326807151,20790344000,13070573460,16123501667,453498568,3952935590,1580799846,1674309858,16004719972,2241726534,4912167569
BEL,2016,49473525184,528961834,4266759638,720104863,76656327,3529398697,4748709950,3049771412,34349554187,57504743490,8891027233,8543474642,19689503172,14006758155,17417245798,751026884,4064886923,1705068137,1891302978,15795738429,2436410203,4849480223
BEL,2017,53649721109,569643576,4374592206,753101473,74938275,4043736796,4808896021,2975218477,41810600625,65617980700,9797644562,9461491992,23066114468,15870686524,18658390116,621084793,4488971678,1691312598,2122708949,16110264284,2512854903,4827377204
BLR,2010,10414858160,864104981,961077282,1015051050,443620132,852740464,546192947,524932212,9830029109,5040106966,2012591866,2947219583,2458401483,1471559018,5207999973,143148811,1122689836,562784769,346026966,1911796539,692611214,1287396729
BLR,2011,11583571513,807086417,1143151699,1098616029,589894123,965595833,627161112,553150388,14995679478,8128940042,2556560387,3027794228,3125710673,1828021431,5684158621,167442350,1808283128,228051376,340775758,2945072189,1055240714,1668457990
BLR,2012,12740161979,917298628,1098335223,1098586533,541211362,979930670,543635212,574512420,15188821624,8747424462,2736940350,3306879775,3014515990,1910783221,6940390673,101625713,2095160192,137436872,310581774,2411990634,883622580,1709611708
BLR,2013,14491744602,866719991,1193859205,1128525942,565137471,1302924533,528362823,593566444,10823080839,5245265398,2872716257,3842723971,2863384660,1922930731,6805222831,135640296,2011815480,200993418,342569236,2341018603,824888319,1906189961
BLR,2014,14913997026,797829154,1064500956,1015755675,529218318,1388117487,500680442,539662374,10648829237,6545165736,2357954441,3682923093,2615767989,1740408331,4984080066,168723793,1669982653,234099304,242766195,1757869844,595207198,1821990110
BLR,2015,10597630102,541709336,828338587,836763047,358483355,1593272946,343052325,361657972,7653637105,5387214924,3495699545,2494748541,1786466448,1220790785,2274140069,76451597,1129579448,266494056,282258140,1052179419,354316879,1676081173
BLR,2016,9971689074,478630068,681570777,659879582,327690553,1057175872,403274991,189450648,5286324183,3864908525,1480238123,1658074160,1234979742,1340482810,2998597682,112701933,1145922999,255868971,283816075,1039928366,264865702,935905020
BLR,2017,11543052465,652943274,795423936,770109329,382429702,1233772077,470640161,221097479,6169379511,4510523124,1727504865,1935047567,1441277238,1564404092,3499499172,106620288,1337343989,290343988,364400870,1213643457,309110258,1092243506
BRA,2010,207532776043,6298876723,19900185138,18536847718,15235737060,10207866296,31806783320,8467724177,84112818300,122321646951,39170085498,34777112902,74721838057,37272504344,61854391730,4793555304,34015398240,18845702558,11587238396,132241118969,18736695719,21943992447
BRA,2011,253173929314,6223229631,22242672742,24880788772,17400903499,11392374833,33505964447,10067739739,97922027296,142998335753,46188915305,42375962516,81628553187,44236273403,72447832385,8974469957,36936887751,12222954517,18264685145,151040759097,21354045153,25154927969
BRA,2012,246022365825,6365538545,19503166555,22392905217,16310926547,11035845124,31232138752,8551376833,91532994482,134708149584,42108360739,39788389965,73059372198,38806241357,65851961195,6976087095,34210476435,9434340588,21319855370,126741121281,19285535227,25057636981
BRA,2013,242718163768,6088172149,18745630166,21736864295,15903106041,10660729682,30864832110,7834010099,90713023906,137207409342,42261027722,39397091215,75039521096,37873966705,69359744426,7948651367,34548337290,11778406910,20074885517,131237156722,19367553937,24471489349
BRA,2014,242370335221,5506049422,17926572663,20055126071,16034399767,10447825965,29865463469,7518982113,93713278044,136324821331,41396670650,38795444616,72055740619,35849453368,65334662161,9765335061,31227984251,13549115381,14050734601,108027881572,20752616713,24274586562
BRA,2015,186096882868,4039861385,12092043534,12908442504,10904028791,7390965594,23244827624,4773312365,65944037760,105630328077,28826601850,26232013007,50345197818,24500810964,43042075455,3081724596,22045653557,10742238461,11377680608,66108443766,15371566778,16637403424
BRA,2016,181270732151,3935093483,11778454054,12573680911,10621248738,7199291702,22642006986,4649523484,64233875505,102890959874,28079026055,25551724082,49039568681,23865418235,41925842126,4240758320,21473931747,9627860260,10679456369,64394017881,14972927656,16205936678
BRA,2017,209767695518,4553716321,13630105282,14550347083,12290979602,8331068186,26201480907,5380459465,74331867472,119066102321,32493235494,29568624860,56748914670,27617220531,48516863040,3978095732,24849776479,10832986890,13596113598,74517185291,17326771356,18753617588
BWA,2010,642736525,7491,114578292,9914,5755410,8369,8450,8120,43585,32502,14316,23307,31961,18988,17326,2435,10194,9369,5800,16971,6143,2098798396
BWA,2011,687165922,99215198,176449117,160292647,5147529,131864320,127467764,112410382,760028218,523782362,222749534,369918691,532077454,308890407,258466104,58424494,167002897,77690384,114247997,278406053,99738433,2386613142
BWA,2012,711012004,97783232,79182165,139841511,5893054,132308855,119097773,125864647,768099196,527859596,204046436,344499289,466765287,293832066,278940434,45597218,154411157,60496153,135434011,258696878,94697414,2347960975
BWA,2013,661013087,83213881,61615021,140091206,6846113,146323670,123823856,139116892,782296033,525212285,204766487,351431139,445539748,296498405,290015932,49444569,158401189,71951646,117452582,282066118,99644292,2357663889
BWA,2014,621095634,74754441,61986921,132728568,6517317,124635421,124770520,134505500,801786987,518400251,203540809,384511401,434964298,286859245,293114177,63183589,157807838,86112497,85591311,285235894,96787364,2504410260
BWA,2015,614065421,67596599,56254308,135345358,6235097,127560817,121504154,128133968,636725283,480340226,197869889,385588576,431618336,292284402,308729227,29535241,163240125,99993118,102993811,299488579,101031575,2405391673
BWA,2016,595285545,61562702,52664144,132750117,5916804,125038731,119796124,111340421,592840204,471320225,191340706,370083074,405649158,288267948,315559349,42127711,157814700,93940911,101539830,309685510,100912211,2389893909
BWA,2017,642237327,77866948,54235737,145746178,6243102,123247538,135925201,79780878,652303982,543213590,225559416,369896282,466166373,322505813,351929971,36118544,175109508,98356535,120572930,369148424,107872081,2662817246
CAN,2010,84449655055,1281231223,3013416323,2380088394,358982025,19652587018,24474324937,9004014899,66667588527,42117217372,21217657788,12611105233,42149728732,27837926619,26759090158,2018723245,9016017853,7936543008,4879765856,64889460212,18332840531,20212915820
CAN,2011,92206136038,1405319288,3008957779,2457210537,417467467,20113047494,24807211699,9093872754,81876804264,47557485314,23365931941,13112639220,49702019442,31389653280,38772195709,2252300911,10101612784,3067565185,4583843635,70857512296,21517921116,22238736331
CAN,2012,93360500727,1448346057,3121728844,2269936188,386586909,21471461827,23158934054,8990926632,85590088152,48518937377,23964532200,13708237089,46675246300,33426270131,43340316384,1176953375,9885001621,1591691566,3596926958,80455991265,21800410934,21510191275
CAN,2013,93401752967,1445433420,2962852873,1988004432,483834193,24478277758,22495126709,8612049753,82517902072,48230952314,24031651869,13226902972,43304475542,32864550975,39120335837,1455662817,8750854780,2157018618,3676380189,79661063297,22376793679,21635970002
CAN,2014,90218696236,1382600205,2987635894,2048826287,512558934,23876528901,22920910763,7731130408,76470447200,47226744296,23374768218,13086745833,43320134164,31493973899,35363321472,1945155540,8047101315,2698846142,2798763595,79465388006,26192375950,19746182324
CAN,2015,79192938305,1353092570,2577498362,1678648548,445049558,21433843224,20218399997,7065086491,46473614219,40364010420,21417054049,11250564851,35419524540,27106072404,31032398167,623295316,7622874870,2172675302,2301196881,77053551018,25371909736,18743255794
CAN,2016,80738916553,1460217293,2454006338,1885338011,293423118,22585538705,19219482420,7033580051,38157400785,37906725517,21373105478,10867624113,33818292591,26166042704,28666241533,1088550566,7415990644,2471353457,2741285260,79427896484,23810490418,18501140033
CAN,2017,86409118273,1562766682,2626348394,2017743142,314029887,24171695243,20569244677,7527540329,40837151376,40568871471,22874114217,11630844919,36193312580,28003653940,29294202137,1138364429,7936807180,3099947253,3890638420,85006026760,25482673912,19800453926
CHE,2010,27903634106,3412471992,1821419043,1254161248,464950229,7925859817,3843747410,4829367805,19853641840,78286476007,8004343939,6773741258,5563123561,18959063889,31118312301,6955850493,18891565446,27346693863,16814054035,1630568431,4001245416,9790560839
CHE,2011,34063678076,6216610743,2040911397,1415202109,634176004,9617156032,4387182085,5243160215,47621731820,89725426574,9197703787,23178308797,7238961618,23238545799,40412653119,14850490807,23050333276,20225915800,30223460567,17444323903,5209570474,12375801599
CHE,2012,33061798571,2801713826,1752901276,1203263839,563648359,9105009865,3698484528,4362908030,22007803117,92269817594,8331326818,8091085428,5570414005,19362251919,35767440460,11794852461,21980744246,15951156255,36046646946,1890696367,5538793128,10910345486
CHE,2013,37083589815,2670452479,1645089817,1316098510,546415290,9552439450,3716394542,4200119346,25104998701,101899015938,8178565018,7643837459,5627917833,20220686032,36146819774,13067868496,21850768206,19364124238,33003833219,1849098996,5490318358,11118214102
CHE,2014,37626306556,2361658021,1842944455,1243699194,572862633,10337777118,3483444681,4094091476,25330222873,103408798570,8477862755,8559132195,5720141313,20672505645,37217508807,17181637686,21150443540,23839017299,24721592207,1925141795,5357677289,11059912497
CHE,2015,35802429983,4533447157,1629844619,1208734823,580232680,9244330841,3097237132,8593458586,42702746355,98880784514,7337185552,25859961274,4967097474,18091851258,34577493379,6927269954,19925316578,24146994126,25575375914,1783308195,4866009489,10049424762
CHE,2016,34918915325,1417836633,1466700707,963307187,568558144,8210515068,3012395533,3682675726,13653568348,103906177060,6905342340,7699023960,4617722827,17797893533,32787958540,9074773018,18509946117,20602599798,22852903935,1795400128,4954388208,9500924639
CHE,2017,36797942801,1918754775,1372842747,918991754,654471160,8374453953,2786328904,3600325204,16073718186,111169672059,7359611122,6463538079,5185981239,20308926151,34349406654,7745722146,18990390444,21092832377,26472896902,1698328456,5445195879,9871511711
CHN,2010,814399693720,83130965697,429362260200,186716805492,109851469713,110080116462,153493753350,51228540550,432059494239,942080587935,276728590843,454458013411,1304002100950,353771172165,822886653396,289009343646,474893685908,532339704671,100229695452,608961327829,196043909038,213224319447
CHN,2011,1044918014672,103196939516,465226827184,265054141780,131539755483,141626483546,186548367312,59386104783,580704271062,1297120883342,338915765335,608515937804,1663168902513,398063843456,850410301943,244502342505,785922100280,333004737448,497606914337,739845059809,236133128405,215247294691
CHN,2012,1257296470259,119948044566,527287929835,300781818703,146983215239,171247777961,202648371054,71849980031,626127455570,1493996276812,391877931662,696874515334,1787396672514,458515575778,991071922220,224530074529,878223788257,303650623392,686193943647,822535661538,242438730656,254684123921
CHN,2013,1479941437351,134092874512,605817560983,345082554871,166945351965,205013494717,214284515309,97078840071,663571269246,1724918242449,462750320461,838753708586,1989890018300,538188870514,1154206152016,275961472057,1014041542617,408923018420,696960365103,974080491846,255561627811,308333540464
CHN,2014,1597631064320,145889904571,649115462134,377547475891,184274300009,228856369255,227526331365,110122286656,671136045410,1893892406104,503204722310,934928413002,2045188895982,595947966561,1246792754671,390955529458,1126997376386,542439306431,562521649386,1115547916686,284773304312,353754268378
CHN,2015,1643042163543,149992717771,669370592224,393354207450,191824505832,237745261373,231629473773,118857054585,557288660004,1916624019729,516835597783,945439486124,1836511473565,604080071438,1246501599601,192840482102,1148006042243,672201028610,711964143735,1151611187109,294620994112,371637589404
CHN,2016,1674126420766,152830388241,682034228121,400795966199,195453580251,242243097787,236011607308,121105678113,567831849033,1952884095937,526613466581,963325992576,1871255922888,615508494151,1270083816366,277586830818,1169724848965,630209744410,699043950241,1173398198579,300194846683,378668497495
CHN,2017,1782217000320,162697937682,726070015424,426673503123,208073111542,257883611257,251249782334,128924910145,604494118310,2078972765842,560614456050,1025523484680,1992074240300,655249023319,1352087238626,239547685627,1245248558085,652326417566,818712711990,1249159078854,319577035845,403117366379
CYP,2010,1827819534,3440866,32651034,34533041,4195776,233310597,75689528,137175930,21067605,302139608,145178102,680637578,94896331,438413604,127093087,11582615,90840324,45536664,27998117,18780338,3658060,158740208
CYP,2011,1909293742,2700756,32334522,31468468,3739461,222566049,73226710,141394722,21080268,308531949,140005978,652744472,126192214,425761967,141418354,8871961,95812190,12083341,18056061,18284435,3667174,136413871
CYP,2012,1714520477,2068840,24057747,25332329,2553020,171352985,65082090,109926326,16794210,302339476,105114520,451276767,108439741,361479081,145270296,2408829,49661483,3257659,7361705,10021920,2420679,113454556
CYP,2013,1642496472,1742232,22082986,14906547,2026133,117636515,62081181,87896447,17484784,326775621,92231521,341147088,87913707,278753889,129826504,3125376,46355544,4631219,7893359,8072665,2320891,99654920
CYP,2014,1626078800,626667,23476545,13804660,1893248,113506012,63179039,84215722,7222286,323902029,100243986,325931931,67904863,256927206,151454564,5255681,52019321,7292103,7562074,9597589,2733071,96591490
CYP,2015,1358668854,758410,22559526,12360549,1904268,97956101,55742803,66784671,7304504,292028361,78839118,266756057,48518342,212075740,160623917,2279209,57824639,7944841,8414807,10155724,2205934,77457221
CYP,2016,1430763189,602956,23866333,13323599,1747720,105073366,59236645,72320209,5881305,296177692,89223315,292582699,53344174,226294336,216065750,2718914,35039179,6172794,6847013,11655522,2921347,85425896
CYP,2017,1595498109,770456,26614249,14857649,1948948,117171281,66057021,80646998,6460389,330278938,99496291,326270026,59486104,252349367,240943084,2886743,36010399,7861061,9866151,12997513,3257704,95261645
CZE,2010,15349106018,8092183188,2095842499,731011114,270683230,4120153522,2987413821,2173248439,5774844554,8845379917,10948002199,6265291689,9687342767,13550988441,12943049232,1874967238,10152705562,7371371068,4532271142,35636136609,2434678465,6302870247
CZE,2011,17189322091,8372942347,2541830469,801746245,301487456,4682527727,3300180714,2286324015,7004348291,10281281157,13005547664,7108900997,11988055832,16152141197,15425492954,3146112435,12600815205,4284909236,6402913302,43868182926,2892485481,7659303605
CZE,2012,15818530719,8101312063,2276416446,710376578,272717804,4073810417,3014796961,1883332868,6999200294,9781872027,11734573331,6185028652,9604214021,15031466288,14634013855,2681033977,11334424882,3625784387,8193598483,39243232027,2707266992,6831507282
CZE,2013,16071542730,8051109196,2355122338,721630395,279572059,4041714595,3109674783,1845095854,6327010353,9574745103,11845305337,6089387290,9526158949,15155699501,15075251910,2665300298,11846367198,3949473943,6731405857,41664995366,2654208623,7098906128
CZE,2014,15339638158,8584769702,2437149788,745524820,264250073,4036446540,3226185565,1907588372,6514852313,9787467256,12233902656,6262541024,9461930929,15602693304,15328628207,3628529537,12624839667,5034478086,5220865972,46935429965,2919618286,6604461884
CZE,2015,12971712231,692818376,2065768395,663600952,228667298,3553547246,2955042495,1655564625,6019326862,7755503487,10881325271,5547233727,7491348646,13956024188,17212592738,1610462339,11375365872,5613730213,5945802601,44331292240,2686563723,3972844784
CZE,2016,12894841639,738151403,2119034821,688241073,237599142,3664756781,3001182387,1648039845,7108294712,7118793356,11244478654,5511901774,7190139880,14155068018,17485549038,2188757338,11340492175,4969170183,5511924220,48628182739,2647549045,4373703938
CZE,2017,13891227214,1298902504,2181752086,772335468,245732853,3951546715,3389018968,1710557533,10881115748,8992673842,12518073568,6126992175,8329803722,16216342615,19254216835,2036601462,12789483224,5545989445,6960582827,54266873252,2649567821,4803381108
DEU,2010,205425499274,19309179989,15325444697,9764583826,3088955028,28242951372,48782259045,28341887425,125122736890,209788551514,85795150248,50500829008,119979603865,142719970333,303113597534,11270542974,124869647670,44309763228,27243759590,373157104875,42837712177,60882065597
DEU,2011,231427880169,20851596493,17678475313,11696450836,3676209938,31236315866,54416385816,30336899028,150797871885,237672496108,100959887677,60435113096,154394149106,172921434396,363353422946,21543173941,146072382120,29341146217,43844292860,447971446643,46016499807,69545201708
DEU,2012,220505226214,17961593422,14923923601,10130747757,3101270151,29090293361,48444548671,26999309247,149121929669,218255955694,92033475220,54645932723,135783009454,155328573624,337898655391,15181227511,131575088026,20530831815,46395862101,417742644489,45519942898,64017968507
DEU,2013,234782569775,18181021796,15459949101,10132521688,3267437423,31077367752,49470162924,26199647086,145010154735,233634322857,96710260549,57750354466,129310946460,162634846613,352287757715,17373010460,132380413698,25743535224,43876776070,421132606130,50423086709,64508690437
DEU,2014,232815417266,18711714934,15962459274,11121872911,3601682763,32050691306,49147243222,24914459908,133601242937,234379767954,99205288840,59750495576,127171893471,165336039568,363289547266,23123137268,135998256089,32082673340,33270447237,456822543454,53892968156,65113019329
DEU,2015,191222409192,16695336042,13476824387,8178590581,2867492034,27855209554,41540094426,19998026295,90123984303,197895880336,85220462364,48303295994,107283906665,137133657935,306476511290,10372598478,110966337473,36156678777,38295476725,411232516949,47786137310,57088584025
DEU,2016,195741419027,15640544458,13500362049,8556416295,2877875249,26618328263,41876364542,21008809636,83860803578,195298301502,87624485294,50114875600,100249549589,142523467709,315379391078,15536636563,112418542291,35273070156,39125745861,424779564674,49968638867,59494047434
DEU,2017,199677141673,16070709738,13872032473,8603589831,2919888278,27221750806,43416191894,20604305873,79392083673,193793639747,91923458794,51463212949,113889502816,150938415253,330718602066,13428763580,116699512034,36568657366,45896078772,394995137464,47770614505,61652676751
DNK,2010,24277292787,1691775078,942023226,512458490,1030704344,1986008533,1591931750,1597493428,13880700571,15386864660,3902232325,3136325474,1425217355,6896208349,20671940011,647448674,2965770691,2545422835,1565047581,1147403875,1047163259,7249983627
DNK,2011,27192611343,723173001,1009333577,584256082,1504839690,2043785930,1821324737,1576936365,22310000869,17107462472,5651463531,3802938369,1775250305,8602858475,25824536141,1217115345,3339696587,1657673999,2477051979,1363079169,1007668203,8381530612
DNK,2012,27304001677,665405891,951589540,4390377115,32769121,1962806033,1582298784,1446082040,24114764643,17840921797,4675575048,3501927004,1509178607,7769494319,25837615314,934670932,3239645085,1264032944,2856479402,1152701977,836704852,8110166918
DNK,2013,29986236618,852511698,1093923890,4087325122,51522514,1909652821,1699180691,1399739201,22824403604,19217500125,5169647192,3525839874,1525756930,7815221565,24322610312,1032192806,3077939049,1529515677,2606876495,1082636752,639649375,8584236675
DNK,2014,28748268281,1795803815,1070973812,3462541187,62428093,1953335191,1686089744,1437572919,20916525427,21892867449,3689101591,3731340146,1679714080,8326313572,24208154238,1383171542,3440850549,1919109862,1990159695,1212167571,672629494,8680868765
DNK,2015,23523610184,1425021643,884457942,2691369946,49001058,1643863499,1432005874,1106293103,12661411630,20367921327,3119548941,3093496367,1459832484,6920900047,22480397461,568180806,3056357739,1980557806,2097714944,1010397346,678143562,8145871250
DNK,2016,23809048130,1309047508,918301912,514173861,37824793,1646152668,1430816694,1071370715,7249973925,21027819580,3152951051,3415844217,1372531227,7399171031,23693140595,840466900,2914278578,1908125212,2116538816,1110522618,728071913,8227875771
DNK,2017,24935203843,1408546590,932459332,564297290,789717050,1604794464,1464311535,1106513898,10963982279,23366798273,3392768578,3696378393,1506557902,7787167236,23655086324,743171928,2998470235,2023775268,2539971544,1156420851,797947241,8142261050
ECU,2010,8890672927,34743872,379292790,240738188,168701351,321144924,986831045,314387579,5065923806,1500063689,1244137975,1116884087,893824441,480024722,76180965,3378353,427355220,13281884,8166337,818444017,16657952,235799662
ECU,2011,8506620167,28861935,605200361,290601778,196739746,366647434,1004067952,354437571,220496603,1150733787,1238005846,1247625416,1344623831,615117870,267670858,7612470,396692835,10367953,15492768,1125182546,53651014,334177805
ECU,2012,9650105625,41370114,524616438,263232478,169306765,295326403,1191633605,335669557,5019054415,1528377041,1318099445,1488121155,1273138647,625644125,152049436,5004071,650186904,6767420,15293111,1171065165,1330565,386310949
ECU,2013,11015584624,39968880,545753270,297865554,209129460,301208259,1232595311,346772568,4628998708,1748167847,1302000793,1458547806,1206072970,569899444,122691891,12895978,612274829,19109415,32569713,919067953,191519880,375474116
ECU,2014,11685477721,43537064,535600967,273877362,201982924,381042766,1344798356,359071980,4155844976,1941685760,1392799280,1477080208,1297203937,482952302,139204694,40581148,599963111,56305151,58389696,1065476507,110497253,449749401
ECU,2015,12409958593,35783700,441880987,261521205,201766117,401755947,1418395924,286690714,4259946938,1751966818,1329571159,1771087136,1195225981,547173882,281618169,17924696,657715779,62481691,66177708,897391004,99105758,397579908
ECU,2016,12204719858,32119230,331427933,183896294,132134890,387594609,1273966656,273217437,3697721967,1638012045,1128916003,1187237636,970025297,555238606,266240099,35388006,531330827,80341947,89117238,486155641,109997863,320453134
ECU,2017,12433087637,32720227,337629424,187337257,134607323,394847059,1297804396,278329726,3766911638,1668661595,1150039637,1209452552,988175859,565627915,271221832,29223220,541272787,79579472,99877490,495252309,112056080,326449271
EGY,2010,9888861022,902762266,2200090076,1213461431,81901222,61169243,1317410902,494108887,16473816615,6737563864,1545926915,5350192096,6938795360,1276111480,778796583,78948955,3394345514,310385182,190839640,1747159478,220576765,703475827
EGY,2011,11499902913,893116234,2420823594,1343265977,42352484,63103970,1412485917,422787750,20579511322,8586283809,1558430988,3932797479,9095985591,968744248,784288201,70524071,2480133757,96051635,143529362,1767531774,160992532,1711419270
EGY,2012,12637855681,948507263,2266494971,1262692828,30964201,73621983,1570961672,317733912,21271920778,8412033868,1485464307,4443244764,10949033843,1082611990,969568819,151322285,2227798677,204645664,462461147,1746318315,182910897,435992017
EGY,2013,12623364688,922297562,2186913428,1229005906,31935753,73157238,1617598440,344052719,20301370168,8052979735,1364195435,4935381951,7457883433,1552758276,939650890,117153627,2297716920,173599650,295879835,1774356672,141576563,314158646
EGY,2014,14874273360,981315159,2324058874,1478538727,40577263,83197730,1562268698,315173528,23835583882,10909290270,1484819662,5583137328,8140885714,1554086133,1066855346,67149117,2946340212,93167427,96616698,2199164435,120377376,249833807
EGY,2015,14690035492,849326859,1845599901,1164315643,25591392,56133730,1402399581,917231615,14236926521,7514524672,1375419990,5238422375,6795105040,1385869646,811010500,54838551,2589519686,191155560,202463101,2075466198,339415347,891626126
EGY,2016,13283948169,768031771,1668944465,1052870747,23141859,50760773,1268165987,829436882,12874209467,6795256302,1243768803,4737015874,6144697418,1253218248,733382942,70056979,2341658419,159051461,176423742,1876808631,306927500,805108126
EGY,2017,9979941668,577005584,1253841719,790998919,17385976,38135466,952745555,623137910,9672113882,5105128434,934416481,3558817115,4616377678,941515644,550974672,42665125,1759237098,116183917,145818484,1410005551,230587963,604860244
ESP,2010,117648879528,1293432810,6934818584,7494255309,5148302354,8704646613,15900773868,10209854912,42255627666,60198530696,22963400050,27562595607,39312624785,43139150647,29790541898,1020579061,22341316371,4012372490,2466998321,63016773835,16974882034,14106575059
ESP,2011,133479712839,1381237325,6998909016,8031222143,5759186913,8786621619,18050614516,9763468527,57251287612,67372298252,25601268346,27345886789,44294818579,44809447896,32350229465,1349935837,22536855933,1838571461,2747365934,70345238747,16414843310,13436203468
ESP,2012,124594050266,1293470092,6306100265,6167977654,4633853017,7045024243,15852236038,7618971500,62022448097,63321188363,21932713870,20605323952,37597489369,37007095508,29774994050,905541308,19347444539,1224638541,2767455376,58689517353,14724384861,11171356964
ESP,2013,128542446404,1338761122,6642156700,6137216451,5148846262,6637774766,16194587875,7481687004,59497925986,63595336961,23116632743,19654814183,36174699872,36057059955,30091786598,926616432,17378534685,1373071341,2340235839,64904621733,15620473492,10490746245
ESP,2014,132493951859,1324743178,6764615221,5574800429,5734406831,7016296135,15242573020,7527884617,55338179752,64532042308,23241977866,20068167556,36621419603,37658925026,31914702442,1193270173,18142679809,1655627294,1716922400,71662834619,16377991099,10954703869
ESP,2015,115467597438,931394228,5916871012,5075754912,5052353495,6529519366,13470614047,6279868337,34944474574,54350367541,20794667628,17536785187,29870604751,33529194952,28203457049,523654625,16865577785,1825348983,1933324959,68180098262,16329454493,9359081643
ESP,2016,117655621525,897863481,5977976301,5130443067,4838308251,6616558096,13319174589,6286924840,30418402806,53264973581,20209504730,18000409276,27149611706,33997910237,28421687429,775792330,16993036558,1761293520,1953669538,70891281000,16479893357,9718760996
ESP,2017,127127319953,852493303,6469257621,5001143795,5151921637,7523352226,14661757708,6119809054,40948414295,57333188871,22200774164,19618051447,33066597272,38725057669,31069183461,647801689,18357285629,1764066951,2214020465,74985269417,17097758951,10074408636
FRA,2010,189779155864,1396473090,9637703583,9103430921,4133661037,13793085698,22264898119,13844605030,78573462509,123855136014,44042009707,32587063313,41416206463,67011765442,82862212476,5418073404,32584150614,21300974606,13096856966,82993465000,50056355291,22362772097
FRA,2011,215342354761,1619506363,9962118571,8734908355,4933169229,15757309825,23833156091,14581396105,101845403174,135871159104,50844995257,38481833878,44049878016,75239347445,94645759592,9554321180,36929472084,13012694208,19444788268,89914576252,55901190346,24183608384
FRA,2012,204981278564,1447524940,8488052323,7849218933,5089336420,14124354538,21529653821,12179972618,89277828736,124798986930,39873235062,34183225888,36469252983,67824882652,88183385210,7130466508,32388402351,9643120659,21791659507,76391184798,58316265086,22094991628
FRA,2013,216091945725,9905960222,8553306805,7568786936,6215154460,14046038607,22011687812,11803218437,69613589644,127886679846,39796909273,35054483328,35885252358,68696649711,88936067948,8422409213,32329562258,12480426967,21271394722,73741800577,63868983840,26432128493
FRA,2014,226835042636,1588763100,9016346551,10381820700,6330640637,15207016827,22230742798,11720229619,59231343808,133955216409,39738050818,36325957139,36344399250,69825443776,97896995082,10105105883,33093770564,14020537410,14539609751,95086580126,70081104241,26588128746
FRA,2015,188780688310,1223411485,7623392208,7734963889,5494316588,12265279456,19017388191,9678935838,40734023859,109434499698,32263970757,28423716727,29404796724,59039282901,81360247299,4171267400,27354132337,14540153638,15400256164,86288606267,63995810432,22056251633
FRA,2016,186346663846,1262782941,7554021800,6757150105,6132948284,12456819029,18622619699,9599185872,35500837910,109395213197,32506152106,28224570951,27399934737,58602266505,78284134637,6041407850,27654129299,13715903185,15214012841,92790655229,124977237474,22540167247
FRA,2017,206739600842,8081318943,12358429783,7760337256,6521996466,12377548949,20523733142,8941432186,41077328905,118702226850,36548467033,30873666712,31840653936,61155152021,84525866101,4689784523,38795263880,12771028570,16028483829,107200839224,123241116299,26186694910
GBR,2010,131235490515,15418291587,7832020566,3459306887,1195871988,10114675184,15742511200,15564892378,60139291786,81410889366,28706494237,20542435420,27396762526,44065936670,62324522381,3976346213,19266237165,15632872313,9611836850,62705736648,40831964331,22456335195
GBR,2011,143486623819,9997443801,8221304830,4142495790,1362013455,9789532859,16506852644,17742050300,70826231073,85917535060,32637012560,21784151075,30549981645,48387425553,72514875382,6844488849,20732777943,9321985176,13929784647,77648394954,42848985396,22221886292
GBR,2012,142634488762,10269761175,7938122430,3467780923,1268731623,10036621028,15630440885,16814503653,85355080024,67509458470,32790018825,20618393435,26272927677,49331305821,72400959109,4994796582,21877902010,6754877266,15264766521,80386088039,45164152504,22915432660
GBR,2013,147787902587,8838875728,7700364798,3958984842,1489249568,10411470330,16090986268,15512121300,77740769378,68440161199,32177590943,18544789984,26391332063,49774820911,72066164797,5662258648,21384016665,8390402763,14300437759,85978708352,48500384873,23258954651
GBR,2014,156268587426,8359639250,8193180687,4823614635,1469965448,12474942776,16663058636,15878733026,68819771682,66527677151,35952209580,19796915880,28368133902,55294683957,77916530188,7737059994,20738293655,10734943339,11132375478,92213216858,51145701782,24432970112
GBR,2015,143333697586,7326657132,8086820598,4697065030,1208282462,11932010918,16576069182,15727410418,44202998362,58503000833,34316729560,22387711537,23763885183,52324193238,71946037240,3357385430,19408259328,11703133675,12395416239,92052363188,49408728702,24930251077
GBR,2016,131435799589,6308773303,7473013750,5216725241,1421023410,11275907279,15070946870,13630227300,54385921386,45530169295,29616435990,20186209076,21388818408,44055263696,70027363698,4272566416,17257195356,9700074681,10759558358,87659973794,55591407793,22643871722
GBR,2017,123116841899,6964216275,8306218935,3098683690,1302701773,10836591948,15545206228,13139845302,57177169240,54840178735,29826069285,20563980337,20832285135,44482765431,65562476864,3341867061,17141596964,9100435106,11421646748,86033723085,64131378435,21216347335
GRC,2010,16795423177,3204620639,1111324459,1985841935,309517972,1030269751,1371044045,1257143630,17127455979,2663152592,2418796296,3853015318,6251945248,5253858912,2090603871,90436988,1918826095,355549999,218609128,320775579,571356666,2619275311
GRC,2011,16806583200,903327683,1146999709,1557228282,188919232,858129836,1370672338,1059560317,20173071167,4079904950,2492788611,2623878335,7490459933,4533366833,2123986021,103094633,1769501879,140411748,209816404,264959590,478345193,1886547596
GRC,2012,15564040913,475912694,886682894,1301950147,150842743,557886881,1265074607,845053427,23155518070,3516922926,2187990687,2037533437,6009682466,3843534579,1840307195,93029533,1791096938,125811546,284310700,201080825,350638697,1104852439
GRC,2013,15951877424,606512022,795715099,1196427283,135695115,410271935,1411521307,720830560,22795718807,4672851317,2297655608,2200996006,5321452578,3950029144,1806524221,98054923,1472199162,145298961,247644697,201418289,382654940,912158666
GRC,2014,16632458770,664560691,759024076,1358442235,192243644,420839812,1597121584,865693464,21869075825,4311617870,2158196958,2259294130,4713352772,3779995911,1840046414,123994140,1377016501,172038224,178407473,134530757,332479367,842342950
GRC,2015,13971024902,621853730,691946760,944148495,165583666,344365220,1375464506,660671065,13646401124,3920218121,1825856614,1902603978,3978333381,2900542277,1555022438,50464076,1205222763,175907069,186312606,103032302,366102935,738638443
GRC,2016,13775905126,681832035,685371668,880496883,173112767,355295992,1365655064,632940110,11436504118,3663796149,1782231828,1981892240,1669846827,2679542166,1428927030,74143411,1001841756,168328951,186714560,92806144,219792372,793442722
GRC,2017,14342960531,650892415,687516383,920106784,159229751,378410101,1441857478,639060055,13712351749,4031679114,1887317682,2066380606,1798743912,2823426268,1522655601,65222029,1149203781,177609951,222912212,105477028,226392465,801221739
HKG,2010,3448159827,286088589,498766470,1532596738,117775699,301264237,1086708488,1044408013,376301812,1353426950,121362766,195974765,5575191570,3337218712,1315921487,83947899,658387960,330038363,202923355,1296167969,469579504,654949126
HKG,2011,3810552986,265500632,782849594,752350816,151570211,385289912,1205713502,1063428326,475344106,1549588900,137075974,227636417,7833761435,4581448920,1102885260,73843785,797471313,100572984,150285587,1189923936,426358372,678838777
HKG,2012,3965058614,285486388,765987734,766162999,171020507,470733339,995463009,1052002978,544339318,1700398522,142264987,239983288,6019140872,3815296858,1246458435,42281696,871697956,57181040,129218519,1180695492,432542806,796925894
HKG,2013,4217585246,252244677,663460585,627153084,226588817,631811902,917837625,1031105128,642295231,1473955647,161782562,277149643,4064526782,2729568111,1182316765,44289433,656900416,65628613,111856120,1174567274,413874039,1051217570
HKG,2014,4147687215,221881885,347585803,331669267,226500617,546810478,765956420,825592186,591564969,1694720059,144570154,271721009,3950273593,2628325258,1057860211,58796809,581954985,81578845,84599081,1063266691,360017546,1100153502
HKG,2015,4430295459,226459348,284360424,287252458,190200375,492407440,707426307,745793993,622520266,1374786339,184233331,365239823,5060254851,3457950470,1089107421,21795168,552953822,75973333,80467430,1044816539,351837461,962182170
HKG,2016,4394683481,210939956,303206888,333979494,173720667,513297759,641382163,596145615,569803075,1308125866,178700963,345508669,7050782275,5013632037,1138803953,35718666,460313385,81092650,89949936,1106466357,360546300,958123164
HKG,2017,4424960907,250301943,290764703,356056270,194229151,509494411,791607931,464631828,592748543,1327905357,194098462,323707700,7239889956,5006944460,1129158334,34522080,430642291,94009110,117987638,1173176244,342883339,966293282
HRV,2010,5765031027,316394174,343324886,502771457,466678222,642910136,462995800,618418006,39470520,1994838315,747748595,1284096558,484178733,1610278699,1768702718,60798035,1032340423,239025445,146964264,148154669,1418076282,661434471
HRV,2011,6298348388,320013882,377899911,544023713,522661479,711842728,510100358,658353590,39922082,2088880718,835778939,1291451514,596979530,1708247768,1733001926,78395565,1080382008,106772369,159549290,171378795,1071733968,640786733
HRV,2012,5547239864,278386617,334356473,460136520,433290338,664004805,433036334,588413536,34729036,1851005728,748295128,1124001332,544166855,1635572378,1710697859,45097371,964752358,60988911,137823598,161634496,786928584,590010037
HRV,2013,5713904938,254367519,330911606,434814580,398076208,788204660,440189101,602561667,31732627,1821537000,773380509,1144871233,506970523,1809767602,1404639186,101906359,994608300,151006065,257371772,173927234,489694963,600399658
HRV,2014,5649208747,200446055,350715054,480840233,568218553,898681231,474388435,594435616,35853355,1871854757,811266204,1164553731,496920322,1812707534,1480071118,126442124,1038861097,175434731,181929725,192254572,558979431,589967906
HRV,2015,4785152131,157304841,296713007,458745923,481237927,792555127,426816747,517553903,28136779,1664535576,757087467,1032229397,295588385,1609948611,1410629800,58729835,935989277,204719752,216829664,183010989,582840306,532383808
HRV,2016,4807707328,170511270,277025826,519928916,494660292,878779134,496900084,535899700,32602287,1610745241,833544422,1082900798,248463486,1868480412,1582518047,97619479,942812140,221627039,245834093,186746381,461231797,2598268536
HRV,2017,5094301231,180675677,293539708,550922578,524147657,931164341,526520966,567845402,34545753,1706763932,883233127,1147453971,263274729,1979863044,1676854077,83850156,999014441,228337302,286578386,197878584,488726445,2753153994
HUN,2010,11348452191,698158409,395711426,454796509,474138315,956357825,1631067481,927212682,9881524472,7890249874,4508486946,2348170278,3054277485,3991160882,7937941612,2803107168,4616721228,11020322197,6775820647,17505494636,529116601,1764075465
HUN,2011,13294513628,191614837,509814984,509814984,660577951,981557130,1850563123,993229076,12097996817,9626457313,5501805476,2547129517,3857030415,5090090398,10652757563,4738646923,4557765599,6453892664,9644011790,21962619681,642097312,1971729284
HUN,2012,12786386885,788837366,516425670,422238095,534800635,866191970,1655928781,877756616,10933858012,9485579903,5222722621,2204350020,3224094859,4464339003,10365778027,2770859339,4155562789,3747262667,8468116807,19892348328,528889830,1838647216
HUN,2013,13350423288,670593470,482673360,425076346,612996491,904830028,1730165655,894611245,10257306824,9846032544,5448755001,2301756018,3252636961,4714724849,10453322255,2605587942,4374318827,3860991457,6580598045,23893459845,580083931,2052264088
HUN,2014,13148747796,591933231,528094681,402673853,724255544,997792384,1825437127,933024805,9807909072,10309061704,5788469908,2501382277,3334866738,5007940786,10721424263,3231271056,4699366041,4483293619,4649275397,28697745747,747083465,2191878235
HUN,2015,11364678296,514165018,466666070,329718167,665651151,917018249,1642487000,807926038,6282290818,8914265257,5396457627,2394146761,2900987175,4554904997,9323111346,1348244632,4210537621,4699694890,4977698793,27752814298,591406299,2098058894
HUN,2016,11627088207,514856692,494501418,347921012,706019688,964996834,1754318398,804477446,5787878602,8631427763,5551359130,2416751279,2829610042,4763697064,8194120094,1972133498,4389446558,4477365675,4966402719,27751596703,626700330,2277361422
HUN,2017,12532729579,559831832,595884589,367174870,737842392,1099045952,1862012558,885095311,6889908304,9623158642,6071060071,2764571013,3696534834,5441488680,9177682053,1738827315,4870165043,4735103120,5942866965,29097959467,764769241,2438406075
IDN,2010,50627157952,12420481918,12604213627,6993456733,3986204411,4081534369,12279860249,1691722948,704058405,35205458909,27382935097,5750426397,14977640063,7932408212,2770579916,924579184,7132708341,3634952178,2234942280,16357743183,9180107370,4055870280
IDN,2011,75277476083,13828706996,17629356243,7293713546,5711972003,4528869990,14841311621,2743805837,577099524,40818405066,32074643637,7417115457,10351385672,9066320964,3695557278,1546758263,8257049028,2106637605,3147935511,22935597133,9658844839,5000029691
IDN,2012,78505867550,17159866094,14982763418,7669171781,7293699780,5420365118,14531310946,1843215380,646385640,39144690453,24966942754,10106250546,12707403309,12474671761,4554793035,980558586,11939533988,1326090621,2996718211,20904346662,11381600564,4177567657
IDN,2013,88826052493,19001862573,16438911836,9068252307,5553234528,4853185101,14283841334,1643195860,1542788267,45579707465,19667277992,7853602645,12638896152,9389734226,4403994356,1818993041,12308499982,2695405700,4593996562,17873601947,9632151384,4751020266
IDN,2014,80794653549,16190273399,18117301719,8600324180,4428494120,4650666951,12479027540,2042840698,574264558,37749408232,26396652329,10312602479,14279590853,8420685947,5527976958,2135981342,15271178224,2963611333,3073330998,17467930456,8663619406,5257347105
IDN,2015,79332803720,15397081019,21406049123,11033785611,6248573992,5248969280,11090138859,2387339291,524181099,38638910032,25054439277,11310415115,12685328087,5739284578,5810420614,1438595146,10172596244,5014637626,5311271527,26866574259,6552997207,5862017361
IDN,2016,85946426368,16680667114,23190576136,11953623193,6769489787,5686552480,12014674360,2586361139,567879744,41860063935,27143116334,12253314067,13742847413,6217743181,6294809511,2201784040,11020640303,4998744908,5544729224,29106320941,7099291409,6350707650
IDN,2017,92944171115,18038804452,25078749260,12926885345,7320660598,6149550704,12992907290,2796942263,614116425,45268303869,29353104669,13250977004,14861787925,6723990869,6807331929,1930144588,11917939133,5256090459,6596740464,31476153092,7677314617,6867781285
IND,2010,127353843383,5815168465,59479276169,16743632677,6837256384,3482958378,13035204274,6550917018,148650744573,106727095409,33837476741,31965862082,141702041289,33892143895,50938922637,3235488749,43387986199,12720215943,7820996544,65704834285,23925808032,22475937661
IND,2011,157345753579,5911076484,63154501968,16697983759,7694656237,3493815479,14482083498,6644281061,193959640472,138359496167,38984844527,38418445652,178796865264,38702916772,55983840916,4957903643,44350672557,6752513633,10090239253,81666540855,26967587447,30561815462
IND,2012,140439075504,6153224663,58052693335,16922382564,7724441870,3486713094,12836796771,6362082782,197304501152,124117539918,36339553734,36545187510,143794522445,30407850646,49337429204,3695716548,39952164065,4998023700,11294604157,74496976668,24828102533,32264999574
IND,2013,142427910105,5947491755,63585877604,21323763698,8129921843,3624745927,14372009756,5267012806,190189815001,124316375457,36778173327,32941173861,146418925474,29420559749,41511335442,4267860996,38806444162,6324167602,10778787112,67639543741,23286520178,32794514884
IND,2014,153085308856,6661065661,62601491469,16686832866,8349683073,3347187068,15143191211,7118400124,169226651551,129294441047,39153721591,37879772400,139591010015,28479438653,46174801589,5205817628,38053249121,7222918953,7490327922,76573074136,24587780594,38479436359
IND,2015,146274245407,7385899327,58424279395,19235057008,9382714887,3259974476,14791794930,5935344687,131176339722,136388482631,37761621066,34573490088,130121252444,29775071197,45918421428,2669841384,38583178399,9306500923,9857014016,81270785808,25244807858,29973813420
IND,2016,146362793180,7390370414,58459646796,19246701036,9388394756,3261947916,14800749209,5938937675,131255747911,136471046013,37784480233,34594419306,130200021930,29793095670,45946218350,3774065135,38606534899,8568319387,9504187907,81319983444,25260089916,29991958203
IND,2017,159900615555,8073942514,63866870155,21026924098,10256774060,3563661695,16169744084,6488259545,143396244561,149093931513,41279354653,37794229130,142242869236,32548807201,50196012504,3342332307,42177445242,9101702047,11423236843,88841672989,27596521211,32766063520
IRN,2010,18016161468,437538891,3913192456,216333999,329033347,385405597,1022618835,418265476,58922475127,27806445094,3741014806,9099966562,25617669714,4718414116,5675246391,507531152,5142979659,416454019,755167129,29681425699,1478750736,733057601
IRN,2011,21711098107,388683291,4311883271,341233079,377604579,667333117,1178952947,546147563,81162797404,36550512542,4853376767,11145321628,30505602935,5433934602,6119071557,554858973,5374779566,456408445,906266588,33279202549,1888738304,1044694391
IRN,2012,27736067045,536052785,5276109307,272307925,526682118,890159744,1437097215,584882295,84763006323,50014892637,6052091842,13180647580,39943386791,5611733154,6049407938,535702329,5595335698,475638991,1022720275,20174675484,1687274471,928784867
IRN,2013,24360721742,677960425,4709215229,232504716,410055463,911993832,2250800349,445145681,110768957988,45592999613,5126570829,11321095527,37295870918,5433776562,5930308144,468812749,4279374812,1283120677,771333520,15944710797,1206798813,714126538
IRN,2014,19946801108,301312937,3403056663,215439494,318810735,717626938,1769322884,402293390,62471088680,36358905963,4111047133,8423434627,26181903302,4022340835,4986035063,346002012,3364841112,1100995443,639199972,19252945467,999657881,624963954
IRN,2015,19341054710,264474890,2858049175,187631891,238672425,681842369,1675714060,346140806,34020656197,28327814494,3350737841,6389404618,17857228648,3941054753,4167855469,285228667,2915860232,851037221,799663957,15665533669,735787234,532925825
IRN,2016,21004753771,287224768,3103895836,203771808,259202799,740493798,1819857383,375915507,36947080563,30764546052,3638965112,6939015103,19393290408,4280060521,4526370417,309763764,3166679746,924242630,868450287,17013067919,799078950,578767597
IRN,2017,22267430187,304490952,3290482935,216021313,274784475,785007724,1929256000,398513232,39168111468,32613921061,3857717279,7356145950,20559095573,4537351396,4798467926,328384854,3357041027,979802404,920656169,18035788769,847114654,613559539
ITA,2010,149052173888,739823422,30235152065,40278394003,31501565614,20766974154,26839327975,16451602481,49396921293,96114138892,52561902354,47140236675,73161730013,106551265156,153212324059,4026987119,51134302219,15831965345,9734248759,59837756980,28674848229,49274811695
ITA,2011,167836600370,152636741,34513000687,46948861741,35534054269,24080876923,30858476300,16906255756,60646967379,103297813776,56572483988,50822753109,90816496418,112649385127,172681913188,7061523972,56769747292,9617580397,14371490753,68998758003,30645231883,49868007843
ITA,2012,157477506997,175383595,27510684126,37793172270,33973537495,18809087568,26953824647,14670034215,68492112235,96392749318,49462540426,40220019684,73566160812,101455615584,163166100819,4959595378,48400988854,6707271760,15157186931,57083054010,28241127891,45679524202
ITA,2013,166459803602,178979476,27721637504,37422112437,36915711544,17557647449,27871936736,14206031384,61439881884,100599872297,51853992027,39146580747,72406093243,100864761790,167145581771,5314720009,49749258208,7875415839,13422704156,60789817871,28247023537,46025872100
ITA,2014,167924897834,182558507,28263134701,36999673333,38705984484,17237714263,28769415602,13160662901,45174604733,97171005079,52911315095,37628145850,72064834802,99753094937,169628951986,6603624177,50110581146,9162334457,9501545021,66336264820,31183938011,48051094633
ITA,2015,144359563437,131091684,23647520848,30788691058,31576459858,14099343327,24800062129,11289744793,35625662494,81965024421,45338868928,31721526653,57555238975,85593108786,143509684738,2625325384,41811261242,9151327586,9692661616,63398469689,27564079537,42165387116
ITA,2016,146109056805,588694035,22679431659,31017604407,31250006481,14345240626,24698711886,12088690824,29807917161,81048192099,45529210705,31739035788,55900602922,84328040397,144732785690,3330969333,41818183547,7562352026,8388344484,69151857195,29744313429,43979180123
ITA,2017,150603506220,629256155,23109948782,32177818947,32375137181,14982020449,25615706139,12290666066,29892258798,82442921896,47972442507,32908946932,58664158700,88296444545,152533761046,2844977683,43292233846,7747326365,9723405964,71372790307,30588114205,45757762064
JPN,2010,345808261860,23900136563,23848416280,12258162819,4585641071,27009459742,77320239975,70048914971,168513454821,296201845810,150207892185,76035560543,264941593959,152130998136,289127889508,47141832346,154898488976,185336539158,113953759810,490468914429,58668060304,52952672808
JPN,2011,391483521640,27276650620,25277169553,24292404651,4611123182,27591557735,85907229715,69530224284,207325120021,330183986321,175874252666,90881729452,346949428760,151966581386,320823907471,38773262200,418729406368,52808001211,78910668768,466659191765,167207371212,67663182643
JPN,2012,380085211947,28287268195,27983359664,13023274526,4936843636,30995699924,81016444887,70098597633,210764182257,322438429509,169266988138,78940118840,286026943950,177440772834,341677084057,53683159776,166132402679,72600184923,164062917591,562571550695,57425565502,59883892127
JPN,2013,316508435242,22293420062,21807578776,10027474788,4036890658,27221672095,65304329420,56868790208,179129301019,278210799091,139019975663,65618718407,234827004292,143422558819,272331295722,45433608418,139525295275,67324065760,114745816055,474324831131,47501129610,50457377930
JPN,2014,301511680882,20121444208,20785563755,8950945871,3702117238,25742287390,62428851498,52220278788,171580665215,259724893858,131573616637,63257688928,233037208317,136854405315,268733709497,58439013262,140888969321,81082413302,84084269569,451399602214,48635279165,48429537768
JPN,2015,301361357371,15404412050,16315965459,16481903879,2773156273,22220567911,60136383765,44257508421,120243588064,236461046000,126123630422,61746847383,227367792608,118185923525,236777567197,11849100002,300617326673,41303449995,43746698023,399579167659,134556560773,49388203595
JPN,2016,335559063609,16106464667,17326455599,19084925510,3078689432,24668724322,66761924302,49133590050,133491454286,262513198582,140019331721,68549821135,252418093809,131207086060,262864592579,23630210110,304527100888,53648037374,59507705651,447247085217,145737175492,54829560798
JPN,2017,338611694932,19153878872,16651888520,20391090309,3132092746,25096630956,67919984601,49985867161,135807012965,267066783826,142448123744,69738894506,256796568164,133483019818,267424273141,22888663893,285522386106,62329469314,78227598155,466830152514,136440097992,55780640897
KAZ,2010,5865237013,459838485,258796783,84757898,25852533,67515863,166215602,195211564,4481947677,1066460588,556516576,1533575379,14373913339,1321662611,2144116589,15444041,339964032,60717734,37332164,107242374,186420549,204254352
KAZ,2011,6956297268,549119101,230002103,119289324,30252181,92154026,195045270,284892666,6782442029,1460285661,806348577,1968257812,17962697702,1702898892,2474351650,34943706,437110462,47592263,71116823,240982126,540002388,285822957
KAZ,2012,7249223908,655984575,295966468,169077039,33433146,117697711,207798810,338919272,7572552938,1685361053,941462319,2492689748,17990894794,1923116312,2744361472,32858204,483144606,44436872,100419068,550728477,782570207,309686311
KAZ,2013,8657834825,718825339,363892744,176484895,29187697,84459806,226549587,352613513,7802662852,2361760779,958751717,3063256108,16413669707,1215741226,2892950830,42736445,512436908,63327377,107933938,1069928951,1211862285,257584399
KAZ,2014,8922634220,575671859,234757568,166432963,40991862,108622797,216430265,258143700,5588418350,2119925030,891312094,2964225451,14903961466,1044674137,2636854760,50860171,474804445,70566993,73179544,1032268426,701757521,258149839
KAZ,2015,7631183968,426015470,202148275,164810692,29222246,92850561,175834092,251489285,4093828640,1808753507,688065877,2303860734,13488685273,837525351,1899047787,18781588,355333479,65468634,69341340,317364042,338564310,195486068
KAZ,2016,6043406593,308685995,184755670,107817980,25000000,72328735,163803484,150476385,3158437573,1378548048,554790157,1522331658,13058899345,708238836,1540396306,19142907,350075988,43460444,48207380,146069090,244008651,140587769
KAZ,2017,6987424437,356904675,213615659,124659822,28905156,83626935,189390611,173981736,3651805243,1593885860,641451843,1760129368,15098780960,818870164,1781015827,17941717,404760043,48858147,61320199,168885994,282124326,162512938
KGZ,2010,343050041,30252587,29510114,112093535,2524052,5321917,9870249,22866242,27197413,13589563,26583784,137307150,1387295351,20945597,19534631,126805,27431610,3785471,1665161,6194286,663848,12844647
KGZ,2011,389033372,23484226,39653999,124926029,4024131,5792802,13187065,21150730,26049915,17956527,39436657,172231960,1946804521,23112151,36175288,86001,30346741,909479,1962400,12968821,1089672,15198575
KGZ,2012,435718017,13407486,37553238,164191510,2327606,6059727,14521048,22540009,29120382,21880300,36674522,233603872,1117326298,27029165,26766826,35507,32631403,958260,2068743,16883380,1208589,15682538
KGZ,2013,450822842,10233290,29256610,142112457,5061249,6334674,13825345,19286774,23830075,22781462,44192964,312000396,1691885342,38934551,21117882,229974,36223609,1074067,22744250,21014841,1161797,16665475
KGZ,2014,457202087,5674219,17763456,90572680,6188678,5529455,12812690,19710174,59607266,25920367,42041100,280483143,1464014109,44506818,14377449,353055,64999365,489854,507990,13912137,6275,17803337
KGZ,2015,358287883,516787,13408201,58772993,11670208,5150263,8832553,18068322,101272150,15625594,37135436,216098890,1240251743,35110499,8874652,127560,27652679,444648,470951,9420533,5471,13993281
KGZ,2016,370451563,487497,13455969,72898441,8172207,4857078,8457876,15918543,114289662,13421949,33493954,172438299,1410549415,38757739,8502408,246664,22174030,560005,621171,12953689,4679,13305343
KGZ,2017,417443503,623585,15162864,82145639,9208855,5473201,9530761,17937818,128787355,15124529,37742676,194312171,1589478218,43674175,9580942,225316,24986815,613572,770074,14596871,5272,14993131
LAO,2010,511019336,2309570,47048301,150008131,2390045,66248692,12932362,2164483,12575288,52964181,102088543,405960152,21961409,62607395,1926798,440738,8917596,1732750,1065377,4369758,4173300,140627429
LAO,2011,626614738,2832008,57690887,183940801,2930686,81234513,15857734,2654101,15419888,64944972,125181536,497790586,26929201,76769535,2362651,903202,10934806,1230133,1838181,5358221,5117324,172438131
LAO,2012,757100571,3421743,69704399,222244509,3540970,98150734,19159938,3206789,18630915,78469070,151249255,601450163,32536920,92755971,2854647,887219,13211862,1199860,2711462,6474013,6182952,208346532
LAO,2013,852898099,3854703,78524243,250365575,3989016,110569953,21584285,3612551,20988324,88397926,170387141,677552918,36653885,104492579,3215852,1079548,14883587,1599687,2726476,7293184,6965294,234709057
LAO,2014,956818123,4324374,88091906,280870974,4475052,124042174,24214188,4052717,23545613,99168632,191147694,760108285,41119919,117224313,3607682,1584912,16697054,2199019,2280431,8181810,7813969,263306812
LAO,2015,1001528423,4526443,92208274,293995543,4684162,129838430,25345672,4242092,24645855,103802595,200079664,795626706,43041375,122701983,3776262,776218,17477276,2705733,2865787,8564131,8179101,275610641
LAO,2016,1045460576,4724996,96253000,306891689,4889634,135533807,26457462,4428172,25726948,108355907,208856180,830526959,44929390,128084319,3941909,1144694,18243919,2598817,2882671,8939797,8537879,287700332
LAO,2017,1124234609,5081018,103505532,330015561,5258061,145746095,28450996,4761829,27665439,116520377,224593210,893106036,48314758,137735298,4238926,997837,19618573,2717269,3410352,9613399,9181196,309378161
LTU,2010,3883496406,44291250,333116008,372461336,29381135,946283798,310170353,176760272,5884612820,2295889543,721357758,429060029,86480915,544836135,610820048,44172916,202761178,173664344,106777136,142268124,166226695,1176150500
LTU,2011,4872684630,54717988,425230073,461677628,31869342,1209512294,388260169,236493566,7269927354,3382270228,932453239,594465144,121575549,771939304,901291245,71319007,280582895,97134314,145147203,185057896,114117162,2532476155
LTU,2012,4605975830,52558582,427258060,418986809,31007051,1069719440,387088938,246554711,6983025035,2896266076,967490055,588879718,122663498,741027351,881729467,50129480,341794536,67794250,153202398,212066654,170967625,2674245756
LTU,2013,5174119316,60165009,443556873,494232611,32266336,1196697949,481221887,268330196,7993628203,2652612705,1019856897,666894514,125860817,762931126,1036317439,51519460,399643131,76342153,130116067,249981156,203170460,1834076600
LTU,2014,5291371497,57251430,464484655,529639608,29490225,1420334963,518923857,280095393,7606524950,2690135534,1113905646,690426333,88392332,822543444,1108766865,72542111,411970835,100650047,104376341,319987996,179436381,2124597495
LTU,2015,4258479092,52883179,421786950,446549083,27183226,1235164292,464136664,239284475,7026151545,2425523396,969186799,551426870,71840907,840862233,896963264,39135358,353578237,136417560,144487151,274207877,159303018,1843598300
LTU,2016,4199131671,1104005097,457935810,465448793,26364024,1274129873,493639074,234537380,10631414573,1858117219,993415078,583405510,59560747,874100007,941993396,58809101,367575370,133515227,148098332,335640766,152027300,2079630037
LTU,2017,4300854562,1967387627,469029188,476724172,27002685,1304995344,505597354,240218988,16481123430,1903129633,1017480305,597538359,61003591,895274857,964812945,48827062,376479790,132963850,166878409,343771578,155710122,2355949584
MEX,2010,74501656140,3197116763,4760356594,4382228470,2551949160,768040666,10662210170,1723655208,49534036303,52832662262,14127326051,11707326238,30481467723,13118024617,8276383966,1131078672,13077437115,4446798019,2734103893,71926400490,1606672930,5993891663
MEX,2011,83281556105,3128267352,5102244206,4500784452,2609315139,797699086,11172950076,1883781918,59325112319,59324178109,15885243846,12730348598,38044065095,14780939805,9204749856,1915034975,13786678848,2608219261,3897445870,87279420606,2634039760,6396007269
MEX,2012,84924351329,3261671969,4915443825,4290144667,2752051375,847546421,11091110811,1921833685,61269731222,54524725543,16762041840,12900435082,36435028685,15534557914,10110052593,1487527226,12897867475,2011706318,4546082193,98837350785,3316618193,6428086942
MEX,2013,89254953260,3011897674,4783285959,4499108205,2942088830,867291101,11795419070,1892991790,66637854455,57566501921,16107753982,12930363564,34091917690,15444462696,10130958820,1675235625,12529111356,2482384238,4230926964,108958685928,3505247028,6615194404
MEX,2014,88710165545,3144929340,4951637283,4427590098,2971020692,826245124,11742636083,1780952797,65304339230,57681006286,16692416146,13244592005,34534417884,16570024337,10196260283,2325457647,13173442067,3226504138,3345956696,120323484835,3903928471,6729005112
MEX,2015,79688130759,2484756598,4538643373,3953699228,2809458473,795491772,10730256311,1710113541,42548556508,43738071361,15598308761,12407994388,27557882196,14912288075,9329831457,1024873842,12374012376,3572492889,3783818728,117746253518,4091301213,6239915317
MEX,2016,73560489953,2302111577,4113428119,3526623256,2407556117,771803324,9992919975,1591495965,28965688223,39657423536,14493173135,12002158105,25839327439,13821111733,8658151405,1373458493,11648743590,3118184403,3458765850,109694575585,3370125832,5930017684
MEX,2017,79152729036,2477123440,4426140467,3794725337,2590584117,830477603,10752604932,1712485180,31167727033,42672272866,15594977776,12914590006,27803693050,14871824707,9316364159,1198002180,12534308100,3262350327,4094464998,118033811678,3626330616,6380831384
MKD,2010,846253665,216912201,61391071,300039032,38926901,39640864,60225062,127237594,591790069,162168721,114579131,216810106,847838454,158677011,81368760,23758069,101871561,4282802,8101722,195993997,14715032,94577084
MKD,2011,1006081747,196297113,70144002,357157706,42854355,41968659,58236282,138153234,627933017,180575447,152585357,288714940,975808111,188580968,79125471,20199265,188390968,3171205,7599940,536672965,18116283,101514819
MKD,2012,939606705,186593304,66902971,729731000,64981912,36667171,50720136,93066960,239819170,173542631,147608334,238754235,768548922,166651876,675252270,2810645,187052688,3801069,8589709,17164245,16224597,78659017
MKD,2013,1025167570,181893260,83154899,359799051,52440609,45974443,49746373,112166433,1487218,169866190,172646642,234786501,742078806,161179974,882782586,5402049,197627598,8004821,13643259,66321313,17631080,113007034
MKD,2014,1003205818,176841244,95957694,383916913,55020626,45179363,52199607,121217652,1184397,182634022,170596241,232960128,740528092,177185796,1281129965,11689370,210305843,16218658,16819110,200486115,23041906,117685996
MKD,2015,898606922,132145958,101607800,307560310,43592501,39883267,45014974,102165986,990329,165655105,143705804,198948180,562885244,170480710,1391826991,6195923,199578390,21597676,22875256,267190881,20526828,94513182
MKD,2016,941075945,138391303,106409882,322095905,45652724,41768189,47142425,106994448,1037133,173484124,150497478,208350662,589487739,178537792,1457606068,9166891,209010656,20811737,23084884,279818578,21496946,98923665
MKD,2017,970207369,142675267,109703847,332066526,47065925,43061141,48601740,110306508,1069238,178854402,155156194,214800249,607735594,184064509,1502726910,7660952,215480673,20861991,26183175,288480486,22162393,101985891
MYS,2010,47529477968,671176780,2066502799,1470405208,306672810,5858040655,3489166732,2253545371,35082200294,23572455479,17126746778,7814312529,14315522307,7682171702,7084544938,7635480576,6797703260,30018636833,18456892241,10661159012,4843250275,4956983310
MYS,2011,52353115732,739292690,2276226561,1619632643,337796201,6452557307,3843272796,2482251577,38642597618,25964760029,18864893841,8607365906,15768365825,8461814465,7803536182,14055817267,7487583720,19143594661,28606154800,11743131115,5334778605,5460054097
MYS,2012,55373136696,744981629,2120045934,1460760988,358294367,5847187954,4142740177,2528974835,55596232972,25007891412,19327531945,8584042805,14898985075,7786516516,8809308207,9621257220,7917117354,13011623315,29403849122,11331225288,4834821020,5280301321
MYS,2013,56689495155,762691712,2170444748,1495486943,366811924,5986190290,4241223510,2589094915,56917894992,25602391767,19786995897,8788107051,15253171351,7971621559,9018727577,10639044727,8105327108,15765064052,26869665689,11600596957,4949756852,5405827338
MYS,2014,63703916452,688908172,2058719285,1888470634,315381654,6157122517,4608904750,3295741339,48781218873,25099851506,19919642148,8939734666,13926535202,12725231143,8927940700,14407642286,8183606998,19990180212,20730262375,12348618639,5567729753,6723660652
MYS,2015,53517603380,1076225835,2230879529,1934118551,485904494,5902803738,4323518115,2552963769,35309691461,24591268724,16686826271,10319779798,10777800538,13422225067,9483523236,8081550241,9062040712,28170570442,29836961281,13943361925,4937063116,5751965177
MYS,2016,53667497214,1079240163,2237127848,1939535693,487265431,5919336502,4335627565,2560114193,35408587988,24660144744,16733563273,10348683771,10807987350,13459818469,9510084995,11449076863,9087421969,25993019130,28832087940,13982414945,4950891002,5768075468
MYS,2017,57061800469,1147498767,2378619267,2062205328,518083463,6293716233,4609842602,2722033499,37648071691,26219822648,17791909409,11003206020,11491559131,14311110369,10111568465,9867914740,9662173309,26871900075,33726008320,14866759455,5264019549,6132888405
NLD,2010,67894097863,4076180825,3139283154,564469683,410174244,3422709970,7608288378,6109834771,42554815648,60300246875,8949665122,7252547861,10676847075,22433231938,38350297260,1694783473,6126124933,6662984614,4096721303,7721791158,8776960314,7101828303
NLD,2011,78391195770,4511263494,3628528266,578851880,484739818,3776160452,8362908303,6298003072,57032618414,72867360344,10281293523,8542096468,12228454114,25708724092,45865949221,3030052825,7355478442,4126839585,6166710803,9898172397,8638849945,7597917715
NLD,2012,74902545389,3238750332,3187227575,442120852,468974449,3106152688,7310090919,5351833375,60213749560,73073797868,9421118372,7125841906,9722418395,23087033949,40881594120,2216126814,6493176226,2997051909,6772780001,8526598169,8324232482,6983864709
NLD,2013,83099053195,2624147124,3315103516,481837161,492193563,2932050270,7493769576,5337783856,53389524365,67376873324,9939070230,7155062745,9821166450,23657687155,42966758388,2425918131,6503009066,3594754577,6126829133,8382825005,9581642123,6855126208
NLD,2014,82108340460,2746470688,3434647174,503893283,495667560,3105219236,8924271391,5091869516,49332721572,66298984781,10355683794,6924220975,9814509420,24078617943,45544364260,10223170771,6312331329,14184348972,14709485992,9082152651,9874345221,7119514317
NLD,2015,71214174503,980414991,2971966066,369762842,416121851,2869266650,7373408134,3955153723,28528079472,53596868254,9195272270,5643153559,7771896136,20765944532,37720802190,4993963542,7197066524,17407897936,18437637880,11137470147,8824067419,6277650474
NLD,2016,74151109463,966002409,2966920474,476862075,412152191,3094459838,7481679575,3867991891,21891078090,51260183511,9643542129,5952092454,8207978458,22163744524,38764317537,6911541929,7804233027,15691382261,17405262197,12352619307,7630899355,6562577559
NLD,2017,78557623933,1082153746,3351938309,526145563,506199606,3317342800,8044201076,3751984737,25572996518,56062055433,10434450421,6476920812,10272967111,22611638308,44755165512,5941580165,8623761625,16179867044,20306801121,15426804683,8288060254,7264054418
NZL,2010,26823634708,2225516279,1097853922,330731918,240439419,3199292567,2312067582,1169411471,6502481565,3161596416,1667745566,1596425077,2730945488,3541761479,2546949419,133989731,951649837,526776155,323887150,436470788,1446581508,1477156983
NZL,2011,29516846312,2056588999,1255321687,323903016,250432332,3365431332,2529603551,1259271724,7865313226,3408091729,1911027792,1767246453,3084978721,3736734789,3152129346,236257392,1035699642,321775366,480826934,625685825,1495483923,1587914783
NZL,2012,30318485987,2182947567,1213659093,311111543,247917011,3512967842,2364123654,1276853625,8118877017,3670954173,2138891860,1925812860,2818638174,3868639632,3179171082,181255882,1085649656,245127347,553942222,664352775,1398381572,1593636473
NZL,2013,30769811010,1840276037,1229285030,289484734,250941440,3548443179,2392144385,1291610355,7317485206,3795284269,2164164906,1994410402,2853843832,3978159894,3217134872,192104772,1110374870,284663156,485174294,672457455,1423641636,1640140134
NZL,2014,36311006556,1942469184,1269253455,298647872,299477449,3745542058,2386694242,1289992891,7457901020,4049167395,2203357632,2302077345,2755026617,4186047669,3289274476,257352068,1119099942,357068431,370287920,670298557,1417747813,1767833306
NZL,2015,27582903875,1409929994,1107411217,271273906,214090204,3246221168,1937969630,1145766140,5726738611,3543297477,1821510138,2037692428,2507714570,3677888387,2981920884,97981350,1033490821,341542212,361745665,744782859,1199463031,1583709618
NZL,2016,28466334640,1366352641,1139490239,279132055,220291879,3340256338,1994107919,1178956211,5892628367,3645938229,1874274878,2096719446,2580356991,3784427911,3068299915,142431557,1063428549,323364602,358683868,766357415,1234208572,1629585853
NZL,2017,30011703816,1697639355,1211171000,296691133,234149557,3550378467,2119549251,1253119618,6263309984,3875289580,1992177993,2228615657,2742676900,4022491093,3261314357,122721842,1130324574,334191079,419431863,814565886,1311847683,1732096563
PRT,2010,16536630460,684197599,3695806210,3773947248,2661828168,3322980749,4389009797,1538054088,9177333543,6610864415,3928242688,5706679476,2916647287,7383268805,5431729170,267976810,3973935328,1053541880,647767887,7883106435,313491245,2917442070
PRT,2011,18468349508,712721830,3994828633,4026662911,3143510574,3518985622,5027976315,1543187961,11561884756,7556908756,4641658152,5686204867,3764622611,7585267358,5295577152,541333770,4049043867,737280094,1101713073,9765692878,302215171,3055376030
PRT,2012,17544783219,665943703,3589389226,3666095395,2947472292,3271771210,4727647907,1227942156,11698406778,7216296344,4337050009,4493803113,3378157805,6523499083,4764651823,332682736,3471438877,449914428,1016722945,8307657267,286267147,2746006023
PRT,2013,18048778351,747119814,3987736855,4016017801,3334222855,3327849633,4814786850,1273701819,12559101066,7171526927,4533438360,4433061344,3295718369,6721555345,4962564476,353745471,3489568539,524184282,893409400,8214334815,335121792,2891278584
PRT,2014,18155018493,901780625,4142194096,4461804012,3608581712,3556971917,4820420082,1291707487,11060179813,6924353939,4740418001,4561972375,3171423097,7234543759,5393303415,474131955,3402805575,657844152,682199046,8626419770,407041754,3125783683
PRT,2015,15220277018,861079437,3641620613,3863212200,3012890791,3164832934,4361959455,1107070425,7825352827,5866519491,4214786354,3962584416,2580909299,6369481254,4321700278,197123176,2987825774,687129592,727775785,8047942737,442517626,2866937501
PRT,2016,15199632217,835697733,3783150097,4122406819,3048996888,3118020927,4316204572,1072082399,6629499748,5676771364,4360561370,3951174457,2524680905,6595762117,4388215166,363168951,2988601159,824508176,914564489,8011194148,821981423,2772565487
PRT,2017,16840601850,733606266,4094785030,4287708773,3143801533,3389463847,4708941088,1138047598,8108208834,6346539263,4912570024,4439613782,3239361974,7370658448,4702404788,337819499,3137941753,919936184,1154580633,9720902601,895765958,3070221414
RUS,2010,118692843673,5453698919,5139463639,3955589342,1853480474,12015134853,12918060201,10068566944,137116468035,64077477346,18752510447,29574788277,104906528634,19918405068,34559376540,1692005928,16611098516,27234861056,9993399298,30519962362,8530720776,20165155810
RUS,2011,144869222503,5923971511,5187571678,4653951841,1957230025,12382122412,15249558876,9799893511,180909847109,74910259465,20107996160,36422937063,128470503797,23728477796,44555887123,1878536771,18620780727,39301447448,12057427623,48322017636,50454954215,19268085718
RUS,2012,154159080833,6490372791,4821329922,5005572177,1895341126,13067386783,15604073836,10843347358,195067022254,78529840193,20890516553,40139616848,121016032805,25405035456,46780768675,2439345404,20765548294,34553266176,13525009265,54779645193,16673405247,21143533504
RUS,2013,162536595619,6194274210,5291774915,5926191118,2196962140,14824036980,16421981821,11485420928,205636033182,83002796985,22407663200,41920657205,114149497832,28643806743,47842293894,2402947953,21100887693,39835009024,14442030353,54983355291,13431449756,23905284971
RUS,2014,148980175129,5336127350,4621294580,5666835869,1857773085,13634065812,13498963096,11197005634,183234172456,76523689603,19627050321,35798154927,110719476811,26528467054,40830880922,2160992044,18074085639,39713964032,14520662729,46279467928,10556746437,22782669341
RUS,2015,104440210609,4436633182,3675806336,3508980080,1235065678,9713830448,11166643282,7729523538,117867492429,65672322448,14891401293,23209756202,83964987163,20046736295,27906917973,1554293610,13093990333,30239424512,11957533643,24858605476,6891617908,15386809304
RUS,2016,103312856746,4542998455,3525295815,3339048314,1303672861,9313866381,11424805617,7110750364,107993471659,63021373515,14590699976,20114446845,77247899899,18754119788,24658519031,1432162610,12242033826,31176753152,11638164814,26537890391,6986227453,11531537411
RUS,2017,131877366608,5799071786,4499989094,4262246853,1664119541,11889015655,14583599043,9076769941,137852103811,80445871317,18624817379,25675800324,98605826376,23939362520,31476242712,1828134847,15626779026,8506336604,14855948970,33875233056,9329285795,14719840633
SAU,2010,14999786933,5949600,1801755200,1837968533,117117600,1557293867,3237068267,1529341333,27403633333,30424849333,3060830667,7631159733,5463297333,6092819733,3968645333,17848005,4912929067,70168837,43143153,872970667,514751200,5175087317
SAU,2011,17101550400,6198667,1850626933,1913107200,124502400,1497082933,3321820800,1639687733,28168499200,32354894933,3233498133,7956546933,5733460000,6209713867,4321364533,32513165,5187550667,44281940,66170229,913574133,547896800,3259373067
SAU,2012,18488782400,6670400,2134275200,2144571200,136959733,1670145867,3662355467,1771795200,30005608533,35082214667,3705222400,8407132533,6458337600,6766606400,4710269333,29819637,5638606133,40327565,91132799,1039908533,593637867,3625661067
SAU,2013,19328060000,6841067,2361485333,2249297067,148999467,1755310133,3838095200,1855800800,31332710933,37365063200,4130849333,8640500533,6916582667,7293769333,5079941867,36447194,6030065867,54007890,92049988,1142942133,620461867,3816758133
SAU,2014,20960512800,7404533,2555376800,2457396267,160460267,1848683467,4110998667,1989077333,32950510400,40871291200,4545112533,9351292533,7539864533,7877472267,5454754933,52213040,6452493867,72444059,75126104,1200041600,645558933,3965578667
SAU,2015,22483054133,8280267,2831725600,2574973867,170966400,1952116533,4509462933,2082299733,30337951733,45114047467,4792197867,9998572000,8046819733,8519361333,5636510400,25457429,6986299733,88739200,93988444,1249985333,696314667,4223893333
SAU,2016,22114028800,7408000,2789674400,2612465600,161811200,1973814400,4594917333,2104258667,31070697600,46003635467,4829210667,10112005867,8136228800,7873201867,5329360267,34008516,6417000267,77210068,85643282,1123006400,609612800,4131600533
SAU,2017,23453537262,1326670692,3423411733,2911078667,222858133,2205015200,4779966667,2389368000,34615149867,38110248157,15700977455,10742800000,8507437867,7929916267,3048864401,314397987,3921926763,856155684,1074531895,3167718096,925826588,4334924000
SGP,2010,5737564833,476037050,39693937,450028163,73096014,179890400,828046480,1962872238,31041905145,41284504381,1731113422,1379127955,849843932,6844430689,15922752195,10162393254,1851381877,39953109618,24565080786,530335722,11245772669,4139027420
SGP,2011,7155251219,498542791,52354314,500609807,109414554,197419095,862807050,2128663609,44498110156,51155912500,1740341682,1700388622,1057258208,7527667089,20316433928,17189108399,1999926855,23411041673,34982974409,620743280,12319919445,4936643727
SGP,2012,7328703964,527670692,47510715,459219830,126330345,271372740,833392015,1974402965,45795370160,53007562760,1649861244,2001254725,1004441151,7860357405,22728700879,13591246185,2129763235,18380568329,41536666474,647037312,13712207004,5689461909
SGP,2013,7398157318,442467834,49240790,382069847,136741789,279221610,882089827,1879983217,40779185647,53496309438,1614488132,2102328778,835048350,7703657796,23165590186,14992362815,2130878287,22215862997,37864280777,816479661,14031285064,6252245665
SGP,2014,7755254769,414869893,39772700,279189456,125608303,289988556,902141983,1875672625,36588522947,57007773963,1587346198,1711200821,1094957579,7619023717,26759172093,18453231460,2184995857,25603316286,26551209576,859630638,13854738171,10454791839
SGP,2015,7334071573,374889008,38924954,188463259,121563108,253809030,817376757,1637452039,23626890695,44833160584,1350753732,1543053843,844811521,6488361792,22229097522,8772152754,1973259142,30577864360,32386655316,857272744,12101294347,8723304421
SGP,2016,7010253326,336484421,42700714,164224716,108484987,252770447,786168539,1408244821,19534071974,42673019936,1342656705,1260183881,802254141,6013010786,19558474347,12479064413,2095681215,28331416051,31425894582,895976681,12105368913,9364222400
SGP,2017,7724692122,436954244,47437124,182440705,120518263,280808026,873371227,1564448901,21700812941,47406358720,1491585678,1399964877,891241062,6679980624,21727922052,11237922566,2328136504,30602649111,38408344616,995359410,13448109883,10402912353
SRB,2010,6372904926,356427123,212869254,484481113,226165461,454837068,592282670,392857573,1769320569,1846501611,1215682454,867413168,1995345800,1525128359,648157617,59582654,652895879,234247214,144026380,494410492,108281430,643993145
SRB,2011,7567880393,335237423,244683868,643312597,265356577,523241797,702992088,430640063,1981495471,2158318038,1476330022,996056367,2369905118,1837224239,814621987,114046131,852867861,155327355,232104703,602755361,103704451,718735261
SRB,2012,7185072062,256506235,210293350,697941307,210638910,491158113,651435151,395460896,1830104134,1823159981,1467274730,820126106,1476136510,1934856371,810120798,74699081,706101738,101021756,228290385,1028335870,93145307,684235787
SRB,2013,7442032155,298039487,312612253,793165948,283646386,530788051,686084887,430870074,2472972568,2113849588,1621964129,837321077,1314869799,1931527962,913010216,82755623,843449624,122628275,209005225,2854132013,82982567,724425875
SRB,2014,7279776685,311717708,256610157,754374387,272752853,612192879,675902854,408277521,2223930943,1919543112,1595024136,854657958,1353762604,1518381679,998225129,115603703,807441336,160396741,166334995,2618899309,76859638,668742651
SRB,2015,6261323202,346157584,298991581,647132413,224946967,469608775,695632835,347064658,1544677868,1700441842,1443669174,701546736,1389881623,1506375824,899163852,45403244,813324520,158266083,167628092,2077958266,55434436,637251097
SRB,2016,6395992109,443908242,252940122,667166058,211955463,456371432,714403665,371836659,1313104383,1762847067,1556225490,729426880,1436698497,1678198689,892640578,71562775,870440650,162470094,180215773,1880930049,80837520,689014909
SRB,2017,7229848917,501781345,285916373,754145677,239588472,515869383,807541735,420313663,1484296125,1992672558,1759113360,824523553,1624003422,1896988421,1009015709,65573636,983921537,178567433,224113915,2126150227,91376451,778843001
SWE,2010,19354271178,10605714968,1033981542,289790045,187503424,11764285098,17981935874,3575003542,61703676078,9958191780,5562248431,5315331438,18992099871,15616242875,27768238593,2818312672,8040416667,11080102128,6812576205,28539952226,5193328939,9965293732
SWE,2011,22340247146,26906338626,1108432455,328594412,214844828,13057698480,20060389220,3798929447,206113346189,10916620846,6530170264,6611102825,22350815938,18937076223,35269594266,15844238232,9451225842,21068987699,30983108951,37914204253,5588747088,17976614148
SWE,2012,21704826221,5686006734,1039735927,281356956,177164938,11560687643,18117074373,3490753403,44664274980,22557889531,6009218973,6408129470,18787577864,18377748342,32708451929,3197444461,9012672442,4324169071,9771818002,30151700011,5210499111,8916236135
SWE,2013,23056729838,4035271032,1091336822,307598402,198159235,11400399451,18371167920,3364722628,37935696224,21814251255,6170828116,6614162411,17232284264,18614085662,31698839590,3789764454,9681380606,5615718413,9571320222,31899651626,5048412066,8154814560
SWE,2014,21714415982,6701948836,1098060660,311912891,176246741,12152932390,18411082195,3101490880,71882489395,10461813043,6176988812,6227118029,16846345753,18166936482,28767597408,4850492345,9060989946,6729915566,6979072422,31764322523,4814226798,8264846199
SWE,2015,17528911574,1295634406,922726032,253386507,932524701,9903919277,15204631414,2569017472,10789496506,19910191179,5269995513,5200355974,14194966931,14116011493,24561079318,498590530,7300192718,1737980863,1840788699,30395734490,5229076599,5555261600
SWE,2016,18030074944,2677990523,954411152,258896462,158368101,9878874420,14686982671,2344444977,25788673943,19327765300,5280890862,5632463271,13443704529,14258105948,24405940212,692523992,6769904842,1572248104,1743975771,32929727393,5305331637,5866683858
SWE,2017,18293689532,3588517967,956650593,283681626,147870590,10815967545,15551207275,2121018803,30061593720,19556112139,5468169056,5660333271,15654559859,15620410573,28178251475,541963273,7484032449,1475852123,1852291831,37807536583,5577494201,6147377326
TUR,2010,58164124693,3093231604,30702675100,21838865070,3372459303,5152788788,7895224418,4249994069,15976181394,23019898201,18110510301,20226048878,42079093746,19401240696,18105611803,640334883,18881911680,2517455206,1547851746,27251521838,3011795174,15267305287
TUR,2011,59833846282,1766871937,35857227347,23996509949,4107867973,5790462885,8956511532,4339604188,23558675295,26175818740,22351910618,22931958819,54016995792,24253638885,22857636790,1301098931,22383236233,1772057083,2647973912,32558946480,3631330266,20135575545
TUR,2012,66461214866,2082627122,36094395889,24800299342,4343005991,6313959262,9272649302,4292747084,24186848664,26066951337,22536272775,23632122862,51696408095,25037249151,41908368384,1122992539,22711843288,1518715857,3432015426,30081030249,3635786760,21823949881
TUR,2013,67098512004,2016035395,39190426406,26568476566,4657023313,6443384950,10066050048,4396103776,22738461190,26884595959,24473947688,26773625305,52093682830,27215777303,25864597796,1171428397,25115215927,1735836647,2958525905,32471115698,4150590343,20892714147
TUR,2014,69226909970,2096096319,39481807847,27704045790,4470058798,6702706169,10961819264,4309609138,18393696395,26816167435,24935281736,26605213646,50667978956,27647886100,27417590706,1635882928,23898599350,2269739482,2353770426,33631693490,4543990128,19773357867
TUR,2015,66291814929,1940718521,34355140709,25345140269,3931498920,6031647025,10246294059,3837034059,13977988081,19596207929,22421809862,23896968261,42167507534,25671124994,25635639461,730315232,21997325938,2545724037,2696312795,33855651229,4086158940,19347244234
TUR,2016,65297621949,2151072025,34147480162,24796530696,4124986684,5894923288,10276064871,3529867058,12215728098,18901863896,22404975939,23512540680,40265087488,25667731117,25520456066,967092655,21955990798,2195605653,2435419101,34515675624,17358722913,15483124663
TUR,2017,63632641717,1940695339,35968535138,24949638778,4016306501,18723996030,11309554487,3311644048,15235434870,20828554469,23784466114,23099505552,50335061797,28027486936,26911720824,872859158,23461558560,2376934205,2983209321,39211563833,4825191018,16441113133
TWN,2010,21450402959,1779707392,12628076408,2638477573,2092429850,1168910562,7206401710,3531220257,37932542804,91670514532,16104979436,14521848655,64418590623,25090989258,28552030012,24218011996,16686259103,95212305192,58541074556,14213008284,9607640333,11702882418
TWN,2011,25550592604,1780239905,14250235256,2891249787,2133061083,1348030537,7874873719,3923625697,45422571858,103175661325,18648225179,15914090090,77161980537,30092419073,33793267666,43446311581,18841377849,59172552021,88421177579,16816464616,11293390931,13413251664
TWN,2012,26150562219,1882854777,13318292603,2753685450,2075191294,1344089698,7532048246,3836426249,50771818336,98428013387,18346287493,15322744111,66623169296,28534910152,32095940843,34879813935,18334705753,47170862377,106597377336,16875811629,11932333056,14037879990
TWN,2013,26153641576,1564192898,13727529895,2715946846,2028025215,1408492668,7398684478,3735535381,49860042546,100090111688,18007793064,14138905687,63391306518,28556439788,31228618964,38541800309,17579152051,57111701863,97340063506,16515023278,11957979140,14338564191
TWN,2014,26289083696,1406343140,13538084145,2706464385,2106436397,1444176456,7356673060,3585350796,46847194211,96612276817,18166231756,13358039529,64766901820,29136243528,33882368436,54078266068,17801466896,75032004738,77809861051,17886550160,12502465406,15320486331
TWN,2015,25031475325,1279510961,12987727714,2568699735,1882373855,1379327290,6893345698,3325573109,30432389692,78704237798,16778111962,11993920066,49397254565,27629482308,31952561245,23475053153,16625515007,81829057388,86669541247,16736993209,12185097191,14843023365
TWN,2016,25618833834,1229675746,12235357328,2428281249,1664700562,1336196599,6685313961,3237398977,26511250480,75023697358,16202833858,10941666092,46541299358,26673909283,30744246316,32833221735,16064737833,74541779295,82683551498,16259662352,11181044910,15639869820
TWN,2017,27762168425,1570392337,12708156517,2438505458,1767665163,1466210781,7469347785,3333408119,31161651849,87647377013,17416028432,11039530797,57286252928,29474138009,35646052677,29159453505,17618147731,79405825999,99659552949,17258813582,12538951818,17750988694
USA,2010,660858519670,33548727834,54817324617,15083871660,4847929358,78939721368,160190028660,92549684506,669980440850,673562366420,183159446380,123698381200,260661750050,290302238800,378241925560,60851063017,134029442400,146607293600,206776219110,344926981920,207250557780,130390820230
USA,2011,738986533060,37514925408,61297938159,16867117078,5421061244,88272132807,179128013620,103491092960,749186865970,753192253940,204812921750,138322250750,291477702470,324622348980,422958441040,68044997157,149874670630,163939500520,231221716500,385704938260,231752132430,145805883280
USA,2012,841323787000,40183568000,52316100000,12264646000,4986376000,78123546000,180610366000,82453090000,851135772000,785299730000,218571414000,99042260000,269539592000,339926995000,397240015000,58893347673,123616757000,79646353710,179985948782,508202794000,277483202000,215883977000
USA,2013,869601428000,40250791000,54428851000,12052793000,5103974000,88617589000,185895489000,82425482000,852802350000,785616462000,225763428000,106181751000,263207623000,347104973000,388844301000,62550950545,123513048000,92688748583,157976883530,545989834000,295020250000,224107558000
USA,2014,903539149000,37301578000,56518428000,11465676000,5132259000,94924481000,186942473000,81628544000,786274467000,787436016000,234391839000,113186981000,265425219000,357477610000,399598576000,80050449541,126449870000,111067645951,115179624067,600207143000,311969878000,221387831000
USA,2015,887366674000,41453199000,54240121000,10974161000,4990545000,97718204000,185320774000,81049239000,507785122000,737286228000,236525488000,118189067000,228434073000,349060905000,273775894000,37349553582,178649042000,130192623783,137893987017,637846239000,311496332000,279895629784
USA,2016,877031873000,42618707000,52864733000,10513241000,4919081000,102046653000,181666674000,82692521000,430328736000,723270932000,235711230000,123229929000,206602620000,335755502000,261642948000,51851349743,177053885000,117718934190,130576700066,647146756000,302128413000,260668151480
USA,2017,914198586410,44424795602,55105026017,10958769409,5127541011,106371169390,189365314630,86196851144,448565136860,753921589380,245700161990,128452146800,215357992070,349984093800,272730810100,43813305899,184557045600,119310594898,149742671902,674571435490,314931961520,239697638600
VNM,2010,31307280333,1470602404,6056127688,6673714937,5484035727,2629464305,2987505988,1323989165,6484577465,9678198382,6972238811,8683733069,7094406661,9465039957,3070346309,823572734,4955263145,3237848696,1990784085,4588883167,5974721854,6749404310
VNM,2011,35005950828,1516766416,7354097441,7398603103,6062872536,3123597313,3628357245,1280956618,6608949402,10223464450,7898009483,9624115360,7293131316,10219256695,5262677507,2275486644,5890676386,3099143447,4631030837,5084957155,6870980875,6662943234
VNM,2012,41743465527,1890959286,7710245823,8311225274,7071932015,3892908585,4168278279,1312449587,7607081813,11540772038,8663097753,10225067217,9451185904,11461426925,5695784521,3648726782,7211330901,4934475546,11150997146,5020405224,7047148070,8573564432
VNM,2013,41257590845,1868949392,7620502118,8214486445,6989617988,3847596925,4119761443,1297173279,7518538890,11406442775,8562263292,10106052152,9341178459,11328021203,5629488217,3895148801,7127394336,5771878202,9837475901,4961970023,6965122517,8473772097
VNM,2014,45655718465,2068182497,8432860285,9090164326,7734722860,4257757139,4558934846,1435454103,8320027607,12622388495,9475014761,11183374074,10336963578,12535607054,6229600998,5640871519,7887186394,7826543440,8116299967,5490924258,7707616131,9377090259
VNM,2015,49648670631,2249061346,9170380334,9885170791,8411185293,4630131535,4957649605,1560995870,9047679550,13726315783,10303679427,12161448218,11241012457,13631944621,6774428670,2870143456,8576982964,10004711471,10596526236,5971148831,8381707867,10197190656
VNM,2016,62124483343,2814209773,11474731006,12369135373,10524763986,5793599824,6203417259,1953245891,11321197734,17175490610,12892807658,15217400136,14065675521,17057405682,8476720035,5073642676,10732223613,11518770703,12776900144,7471590505,10487879416,12759560186
VNM,2017,71391883427,3234018622,13186470362,14214297217,12094792313,6657858238,7128810060,2244620727,13010033813,19737638970,14816088149,17487450972,16163918202,19601938761,9741232056,4726359109,12333199664,12870626982,16153486410,8586162647,12052405499,14662963527
