country,year,value_added15,value_added16,value_added17,value_added18,value_added19,value_added20,value_added21,value_added22,value_added23,value_added24,value_added25,value_added26,value_added27,value_added28,value_added29,value_added30,value_added31,value_added32,value_added33,value_added34,value_added35,value_added36
ALB,2010,76791092,1208277,25984989,40101137,60719915,7133744,24594685,27332084,8583062,10110625,4032382,83721934,34311915,31046387,29730597,206395,2367224,1601415,819119,3268684,1492363,20289668
ALB,2011,72063276,1432837,30095316,43118619,80223565,10524292,26191800,27235449,18324704,20131562,7629237,67883305,25967799,22573147,21651716,284863,1925840,477602,434657,2853722,1336562,23828090
ALB,2012,75477088,628971,31432737,47522748,63853637,9511220,18699534,22449354,32728393,37487590,13476577,72693311,25775015,25789225,26140322,253749,2211715,526467,599497,3089582,1478592,25477488
ALB,2013,86713931,2298412,38125289,51087530,76986242,9751149,15411294,19198272,8493315,9257696,3440956,80722070,36829159,38235532,38009182,388427,2567303,874428,798881,3647250,1678314,30684374
ALB,2014,88903404,1327712,45600652,61436406,97576524,10999464,18588738,22072298,13702105,15589447,5632194,96960990,38677822,38348548,39438642,377435,1743521,812824,556601,2725624,1136196,35605956
ALB,2015,79664040,6534827,6424134,78066841,80216522,6526019,13001930,30812713,3155224,16830629,8536444,69938012,31669078,40843918,4395992,338881,2121653,1086970,636334,2901577,1205780,23633164
ALB,2016,96783414,6932589,5398915,92328882,95806151,9290285,15586931,25808864,2765511,13202743,10968109,71525089,42049643,45904781,4172357,425110,1756226,1432091,704246,2824653,1110369,26798013
ALB,2017,105547510,9033584,5964495,102001082,105842623,10263518,17219789,28512552,3055221,14585837,12117107,79017923,46454685,50713679,4512762,447839,1800827,1665304,856014,3212701,1231231,29605322
AZE,2010,675841276,7293341,11817106,8851928,9743973,6991840,5427023,14556781,1227989784,55332960,15651903,140733819,66657946,63818601,104232231,2130516,27440354,16530572,8455337,1891235,10024295,25175357
AZE,2011,748884024,6604017,33257523,7430802,6966060,4640325,8103474,25162533,1160702735,100563895,29078022,118084179,115313935,54086941,98506748,9281265,44974927,15560973,14161742,2191631,9619013,17225592
AZE,2012,847329651,5581546,37484477,7250127,10558306,3952172,4009147,24058926,1222993731,95596151,25896887,144026111,202203204,85541416,113634257,6745617,51155600,13995478,15936887,2543431,9517800,19354225
AZE,2013,854182254,4753098,30080009,9481977,6962033,5716718,5452870,28220322,1309852512,91179428,21798733,198899739,173117785,49051611,190796912,10974309,52972375,24705370,22570938,2361891,10406085,22864324
AZE,2014,893406798,9028819,28318031,13220480,6374721,7277706,7818895,20078494,1553015508,113326363,20654097,256332444,158445951,62544977,237879297,7762867,47167762,16717689,11447846,39639381,11258032,19759451
AZE,2015,656988436,7790631,13180241,9755369,3138896,4757341,6815582,17120453,1036484788,123872301,21642377,168611234,93972656,53706747,309337045,5322798,22721860,17072983,9994874,41744000,7193304,17470846
AZE,2016,527851591,7553037,26403352,7441081,2229178,2253939,7660908,17590558,658817657,83790628,26937735,100528557,81501800,31194015,193477765,4040342,11772017,13610902,6693311,37516759,4648644,13357593
AZE,2017,540950578,7740471,27058569,7625736,2284497,2309872,7851019,18027079,675166654,85869948,27606213,103023240,83524322,31968115,198279044,3763022,12064148,13992905,7192755,38447762,4764003,13689070
BEL,2010,9086478063,12018494401,1506135331,291638243,4194226262,1009741173,1335681979,1537921516,2014581881,8439629168,2393102430,3033064384,3991020273,4789118529,4905138071,164756626,2347409789,1278338357,653866188,3548132893,682608353,11896330519
BEL,2011,9461670592,220058251,1500232779,14722518030,4257959336,1109327106,1506349405,1615474941,1533318042,9618199501,2780546394,3325061899,4056272497,5347568376,6255603979,351003366,2407017398,588492378,535575557,3798819708,693676975,2931374579
BEL,2012,9035274400,220610717,1301436249,243352761,102403458,999365263,1352702255,1544660438,2015947701,15298203507,2515501917,2922931311,3062467397,4849966659,5911005353,277327317,1861764320,575385254,655200878,3480818429,822696806,1481057897
BEL,2013,9845862236,216421765,1332255240,239258904,119363909,948538123,1375406818,1362262152,1670829166,18060994150,2471191277,2963252180,3339799301,4936939012,6028209118,280986691,1786608108,632557383,577907300,4597435731,958097793,1569256988
BEL,2014,10299297955,199142673,1431014481,236158523,140368385,977139059,1519640328,1404612456,1698881962,18262881974,2595621016,3048302508,3512128267,4850802144,6341785067,352821799,1916068134,759817823,520303813,3560421554,1048915297,1553339345
BEL,2015,8692421252,175121630,1185814095,227913213,33937442,820487555,1209770045,1158198442,1434618157,16552044404,2161460180,2651445781,3042170044,4130719041,5215829823,207241463,1383893522,664731099,389147232,2485751320,885754846,1778293799
BEL,2016,9227961468,154197563,1145420255,206850398,25662724,873085653,1179821551,1036574885,2413070290,18490544736,2640163322,2810289533,3276311096,4349942204,5528547014,246844882,1390211716,831558739,408928146,2400128368,990780237,1423838626
BEL,2017,10286062153,171878234,1276756949,230568372,28605275,973195794,1315102783,1155431102,2689758845,20610715924,2942890921,3132524220,3651980959,4848717240,6162463768,250057837,1549616799,929847005,477968065,2675332970,1104385529,1587099453
BLR,2010,2514794128,299741204,269638465,416117499,172450991,303109273,148669885,165216911,581414197,2071722774,598846067,969360183,537430190,486281971,1718936985,31630376,362779476,245418497,125530816,513514855,234452416,498998828
BLR,2011,2207861587,265774347,388613726,556780576,248123579,394245200,193225880,200925242,979402488,3829820911,658167944,833742007,717721063,623896667,1895209895,77407202,523316377,129780944,118111133,900545567,421777341,588302861
BLR,2012,2382198859,262647487,353906404,535066507,197541172,347361249,145292114,174427565,1452960693,3413566913,766620207,1111190610,575414275,575731526,2137855798,57528610,501426704,119357567,135914472,557355221,266735481,551226938
BLR,2013,3414022841,333408395,410736382,550382899,206493094,446996695,159828775,199103099,844453015,2366014155,876377498,1475935045,556772011,578033119,2148715266,74470762,492212795,167648617,153164539,512538545,235849110,669946102
BLR,2014,3596168653,322483316,362553738,488457890,203751822,477559590,151007816,179306930,1073528917,3540154635,684931974,1417518999,441361844,437604421,1537250516,83125374,383988380,179014283,122584402,393644300,164093560,617670129
BLR,2015,2250585978,184615180,276138024,390673121,138017967,477791020,101472207,122277292,737186950,2915843034,1175975999,960202905,333453056,340756435,838854665,46719650,339997074,149854203,87727727,286038122,118866114,703613716
BLR,2016,2421732126,173468510,244088777,291192086,139976970,389207580,106025293,66901124,273956643,1581939853,414680008,597419634,86006324,364489589,1218232848,45888782,316741415,154587844,76020271,245775077,95191758,313826202
BLR,2017,2789932183,238784288,284862648,339834340,163359457,454222856,123736314,78076638,319719798,1846195386,483950332,697215744,100373271,425375842,1421732855,48670656,369651563,180983186,93030555,286830636,111093089,366249377
BRA,2010,52319032734,1973795309,6431676526,8132143265,5581048381,4212256292,10244789331,3464194217,35622386423,32193760669,12273529795,13057904978,20311223054,14380115812,22366395582,610060439,9951816338,4733428176,2421134142,33244534673,5726964741,8173508024
BRA,2011,63820741391,2356753739,7057088322,10883435785,6145071014,4497055587,11284480362,4320073361,37269517088,36653648998,13949941088,15641781079,19801537396,17028006449,26935672445,2091804752,10335293685,3507120644,3191762821,38636830184,6117995324,9482313494
BRA,2012,62319203776,2561759467,6322865193,9733440549,6049323910,4489195722,10327844024,3453682384,26631514811,32659510237,12560442565,14830864655,17975660358,14702548143,24348343044,1508299868,9909143507,3129347344,3563440516,29608210463,5450697850,9712531406
BRA,2013,57725438978,2411812314,5883942175,9453450669,5891681651,4374001723,10026684891,3320006271,29057898816,33873645290,12418449331,14374405231,18925696017,14324066400,24767798546,1627674685,10420613899,3664222083,3347649944,29502678229,5863570567,9465922325
BRA,2014,56227192905,2272359997,5508273437,8355403340,5730970288,3956593250,9558826529,3478387149,33264420184,33316270370,12160457162,13664977441,18506026047,13020825329,23346410382,1549162978,8762135819,3336193076,2284539694,22256746844,6071137873,9412693502
BRA,2015,45294640903,1537716748,3721667051,5293475856,3840268009,2775111936,8097724792,2080502774,12354516692,28176720458,8294923448,8877938167,12388438320,8833113008,15577161529,845205612,5957280402,2711013748,1587083104,12515106537,3644083208,6247953052
BRA,2016,44119990579,1497838311,3625151055,5156197295,3740676270,2703143463,7887722132,2026547975,12034120355,27445998388,8079806730,8647701814,12067162275,8604039130,15173190608,831470633,5802787041,2801016834,1377430804,12190545538,3549579235,6085921519
BRA,2017,51055946210,1733308445,4195048884,5966785765,4328735431,3128095574,9127724454,2345134780,13925964023,31760691671,9350006026,10007177990,13964200353,9956651242,17558516974,874441586,6715023714,3251635302,1671433931,14106980284,4107596672,7042668814
BWA,2010,226256799,121867169,34370544,158686069,1722207,107980987,107467511,119467378,356041251,429705146,171965553,304519135,299203492,267993541,257908410,16534287,126588626,127492747,65158739,177141168,81113348,479891337
BWA,2011,239637965,122398144,52937660,164605683,1550108,114234499,100176933,104224425,398445968,452694679,171536797,307583758,311604195,268520164,262039828,48292151,124576394,80026049,70841250,180792324,84899423,430900927
BWA,2012,246235139,105788406,23755962,141087894,1574981,115868473,95986174,115234300,395434902,466943488,168078316,285577330,272267204,269692992,279326991,39799509,123222807,81372058,90719396,169937640,81551978,425955557
BWA,2013,229029283,96635604,19621556,143572445,1881193,118255660,96683525,120441323,399992770,449598943,168217779,288425556,264045838,271390461,275344323,40703361,127757879,91079479,80855547,181210457,83717052,457326302
BWA,2014,213345562,80916404,19451683,124903030,1749092,90447202,88380655,104943332,348798255,409395085,149089369,255211366,247779730,242853773,255096580,41865942,110866031,89713320,60006419,171400066,71784449,484943525
BWA,2015,201635176,72016816,17652282,133545272,1683476,97388814,89289573,107596823,301206025,413289091,154936766,257906194,249903330,252352498,276194898,31594594,120718827,100848770,58216807,184859557,77182737,465608213
BWA,2016,197639608,55802535,16530358,120761154,1596161,88153962,83472814,86452863,285878237,381126204,143413646,229746772,225911100,232176033,258836012,29837336,107779162,100514541,49214886,177723305,69862939,464714028
BWA,2017,213357512,68277300,17018733,130417724,1691243,84002044,91878606,74796284,325510905,428622107,161361964,234792859,249463163,251897847,279273337,29942991,113423379,111405434,57173019,201459224,77206971,514668715
CAN,2010,29951192190,1029653560,1343399054,1217849991,177962128,7575119666,9165352473,5216508455,8079522367,15884697858,9145623557,6301204761,14298987636,13493454919,13139760742,569033841,3947125843,4415104872,2258312738,16510082385,8032152193,9471585565
CAN,2011,32329844138,1112680654,1356318296,1249604105,209391116,7237353858,9117248474,5363387302,8033537100,18426054363,9798978506,6587991685,16641254291,15020454134,17728067468,1212329005,4281821388,2032591271,1849822093,16876699164,9320347720,9905041883
CAN,2012,32956888994,1150668343,1406658206,1165967766,190697847,7951469593,8099920135,5296276577,12014843053,19655562317,10104817111,6732529814,15056702042,16225552148,18562189171,949116067,4207371386,1969179940,2242338358,18650634315,9959312962,10065706354
CAN,2013,34399788502,1112455173,1329328013,989030848,200729853,9381842247,8166526024,5028344421,15463492319,18571662182,10058769835,5928342188,11944519163,16095478041,16076482210,1144932809,3585574633,2577473324,2354791340,19503883775,10418012482,9810756877
CAN,2014,32478174314,1137313365,1329029342,998740626,230864158,8647907748,8718626170,4385653261,13273179309,19514307412,9931267827,5782585740,13764607338,16080812400,14760849346,1408055015,3360401589,3032310645,2076448777,20962156396,10194833221,9262030277
CAN,2015,28460540162,1037407611,1144792659,903843177,204133694,8184115682,8037585861,4106954276,9459728653,18382245145,9186259380,5086550835,10610559160,13786617601,13024156978,892421122,3347174337,2862458431,1675741930,17816131368,11544778430,9053439220
CAN,2016,29474885318,1195056587,1095217293,952787838,140436095,8486604799,7561728535,3982264222,7066286404,17391890750,8899532971,4976263015,10636453901,13306259997,11013790185,1115680793,3317483778,3758449855,1848259012,17121487098,9839685378,8945583975
CAN,2017,31544872973,1278984051,1172133157,1019701043,150298762,9082609396,8092780125,4261934107,7562543657,18613303447,9524537045,5325740304,11383439954,14240743495,11358867369,1149766464,3550466889,4275438498,2197698177,18323909653,10530715285,9573822157
CHE,2010,7358469875,1279406037,803107893,359730912,133542503,3163991156,1288704993,2510175369,3737851052,22958853226,2930126196,2666879374,1796007635,8921274574,11851797799,1422111249,4789530202,11034089459,5643903260,590286948,1461952892,4765115642
CHE,2011,9282510049,4848579636,907750265,431250821,174610076,3825181826,1488210724,2723944970,15783711571,26675506031,3409337907,12184370575,2287142103,11282891621,14776481002,5676152905,5936881034,9516640122,8660910531,7161758778,1883651170,4869000708
CHE,2012,9308745790,2354834223,772525983,368910083,159903887,3836664960,1254937031,2304852583,8802322192,27927522925,3088689887,2899993328,1811644174,9463893595,13773586547,4316784741,5570927967,8956255415,10198638857,688846443,1740818622,4752523085
CHE,2013,10236454050,1888895356,697695529,393541189,163898030,3715863014,1190319351,2148471952,7818489808,28516130400,3097327284,2961055576,1778439699,9900290797,13643647892,4425449942,5775612132,9962575169,9101853942,719876239,1761438824,4789884647
CHE,2014,10268608337,2884168549,766026383,349603983,146231771,3785983925,1164683685,3740579705,12432497051,28300816981,3136492491,3098840539,1785141163,9865009033,14146165514,5245492302,5325991674,11296406731,7735490418,721878457,1866145317,4964774095
CHE,2015,10149355097,4911290982,711170642,384047679,3027347299,3594579465,1016877448,7337721065,113960401,30107071050,2840465836,17588286079,1568148299,9138470554,13142286518,3349754719,4443567852,10744404631,6289995049,666451931,1750018897,4826652824
CHE,2016,10014875601,3907727922,648437262,265526257,116389012,3276041017,959988078,6054102493,112837823,30385277083,2835156883,16088657409,1523899557,9049466547,12663279563,3077822065,4599357413,10368413587,5098781303,674436698,1596366083,4898440467
CHE,2017,10768989895,4400286749,697264210,285520229,125153037,3522724996,1032274621,4820417568,20978294433,32673270733,3048642544,15131762576,1638648305,9730886102,13616817132,3007778767,4945686346,11184508801,5749158739,725221389,1716571519,12176684087
CHN,2010,170175850945,57003843072,100715929352,62952802116,28292757848,22441642880,53905447246,13513419524,60350852694,207704816411,57731717085,96011601673,274659460872,87938781639,162459644262,42851995817,92462654372,129784604415,24977386430,99562697249,36544665745,42290124731
CHN,2011,214484703831,71845989491,126939434465,79343884824,35659370902,28284795405,67940861311,17031921793,76064463285,261785122761,72763380774,121010236382,346172813548,110835488293,204759420865,54009411913,116537246197,163576748912,31480772983,125485934187,46059836138,49312427614
CHN,2012,238285312641,79818484776,141025454433,88148395029,39616365138,31423459089,75480018337,18921893900,84505067683,290834491716,80837675725,134438314214,384586386016,123134510326,227480849410,60002645285,129468972134,181728282047,34974082993,139410664372,51170933208,54784453254
CHN,2013,260012349998,87096395368,153884263412,96185833222,43228615663,34288674162,82362344236,20647206682,92210304495,317353003490,88208516929,146696502702,419653267332,134362009313,248222727550,65473732450,141274052203,198298406038,38163046673,152122235557,55836738102,59779741672
CHN,2014,282055993846,94480359704,166930451015,104340392995,46893503917,37195641163,89344959417,22397660730,100027822052,344257943131,95686766063,159133317563,455231143396,145753115464,269266856403,71024544323,153251155948,215109989934,41398479948,165019039807,60570533124,64847821456
CHN,2015,287920955878,96444947357,170401537522,106510006324,47868589099,37969072779,91202763563,22863388929,102107761465,351416308178,97676439257,162442273539,464697041761,148783848749,274865886122,72501400923,156437800553,219582902932,42259303750,168450381189,61830013102,66196241695
CHN,2016,285674994605,95692617206,169072300292,105679162497,47495184543,37672890563,90491325684,22685040375,101311257867,348675043954,96914502709,161175123494,461072117855,147623242845,272721762462,71935845221,155217489094,217870020685,41929655082,167136364181,61347700816,65679870130
CHN,2017,304119704235,101871045738,179988514675,112502375946,50561728357,40105254404,96333930943,24149708233,107852455972,371187374598,103171822722,171581453788,490841406354,157154591045,290330141957,76580409154,165239162568,231936877576,44636858467,177927584148,65308637366,69920514763
CYP,2010,573308876,3313393,13286625,16796350,1766782,94591713,28763849,59265342,10218250,120264355,55432458,213233648,38401685,157444921,61960545,1470131,16861430,11406673,5834478,7828672,1411836,74990232
CYP,2011,538432346,2812992,13968069,15131611,1569462,87536752,26932460,58353664,9416019,123737237,49384518,205662017,45444878,151249383,70507608,2679078,18112083,4491744,4087849,6842241,1045381,64694066
CYP,2012,481154936,1583844,10291741,9385913,1009901,69112700,24404659,43010739,6231968,116396889,35115265,135705787,39341174,130840017,74185334,1365617,11902893,2833316,3226344,3329076,1052302,51132348
CYP,2013,466244180,1235242,8218716,5223333,817888,43820760,23226171,35355084,5460554,129114835,32402189,93806222,32422105,97061842,67786483,2577630,17036789,5802763,5301430,3329974,811250,43930963
CYP,2014,453492028,445333,9246004,5194161,792060,41542672,22957793,33026371,2054231,132821922,33161698,106731712,23282842,92823567,77100451,4395555,20304775,9466028,6482094,3278358,1114456,43063109
CYP,2015,392042890,480871,8666247,4974164,802964,39774460,18989441,26888214,2037819,125273524,27723341,99882550,16424169,78076080,82683143,3459608,21659734,11096762,6496272,4415195,989288,35874982
CYP,2016,429864994,449978,9517331,5191171,758820,42372253,20914013,29060822,2368496,133774688,32627055,118174628,18776928,82877322,96346933,2115462,8739449,7126465,3504517,5285194,1180264,38754031
CYP,2017,479358702,541442,10613135,5788870,846189,47250901,23322007,32406820,2601545,149177210,36383663,131780994,20938862,92419634,107440107,2249507,9045592,8364856,4299776,5893719,1316157,43216084
CZE,2010,3584763002,1988192396,631636878,280091317,91959682,1073874517,760361761,643542524,202674538,2149996675,3142387077,2051157724,1322384983,4069542340,3749821162,80698701,2897616640,626137155,320267254,6736760174,718170042,3121000554
CZE,2011,3859594448,3805440311,719420361,309825594,107159070,1150842084,745330575,694011958,146320759,2331119828,3543530578,2336709366,1824078967,4772090816,4297041176,264925712,3466426295,444174551,404234687,7960286037,919277255,1957269498
CZE,2012,3506151433,3454559348,634842842,282223744,94802520,1057600402,691236203,577678757,134496250,2162345217,3172672711,1990210581,1362561255,4630421961,4139709967,303657676,3166635407,630014204,717407783,6901185992,865811558,1926312873
CZE,2013,3460002875,3493875810,672512810,286209567,102217699,1016734250,692956340,595915915,107129457,1984085301,3262603008,2021786426,1613181096,4683562011,4356465134,361868292,3277736731,814638084,744257055,7376931969,857566690,1992025995
CZE,2014,3377678625,3395574096,704268930,296618080,95114106,1026754825,765423172,590848329,153747916,2252227875,3547345086,2132572376,1901220944,5057497290,4508302722,376019873,3470802722,809775934,554513849,8608025714,934161222,1966497182
CZE,2015,2948277828,316285934,581427061,265595622,88273112,926978632,708181072,517883753,144373163,2165907424,3285622999,1949216805,1520049768,4609387227,5276647537,234647893,3051521927,752637768,440609601,7854643910,943502115,1326659263
CZE,2016,3235463163,148762300,598975485,280738658,96787362,986456782,794873109,537916466,762114191,1857764227,3458461328,1948910343,1499706370,4853416071,5247312854,255140375,3055272945,859504182,422670625,8867270678,851618216,1455487280
CZE,2017,3659072918,81855347,677397598,317494951,109459449,1115610691,898943527,608344300,390244017,2100995878,3911267582,2204075490,1696058551,5488859680,5934328220,262232650,3455290920,975119387,501239370,10028236562,963118105,1623447385
DEU,2010,45591983291,1343760936,4779185347,2876914556,953320647,7913965263,12355952036,10451429789,7915157116,68984631348,29017077418,17665966411,23577138821,55743562884,109268325636,2392920135,48515785898,18566546635,9496732238,88523728305,12344827647,25378222748
DEU,2011,47913754716,2045999609,5359384517,3404716657,1103349545,8606599238,13059894204,10751853955,5217590827,74152957554,32570426589,19933412842,27916952296,65397615312,127425542565,8160076168,52960497165,13681186811,12450984109,106623576850,13276338374,29440540755
DEU,2012,44374875329,2054750455,4705933873,2940662463,939233760,7380501706,12385165252,9893048379,4292336766,65124231753,29425898182,18321482627,24572848295,59363944169,118233082399,5409678900,47393913403,11223739160,12780660781,98482837543,13187561262,26620146491
DEU,2013,47474305155,1982184405,4912641288,3019017298,934995150,7819729964,12757066714,9738979419,4725960789,68000384465,31572218338,19474771740,24533332271,63571569881,124421538044,6034097016,49355313338,13583962282,12410369663,104014422503,14053739244,27021651599
DEU,2014,48393921736,2051262289,5137244054,3428411592,983905367,8074365924,13413273436,9271875510,3018318206,71588273246,32741388133,20914357781,25245212959,65686035950,130682962231,7397103189,52620895253,15929998835,10908455785,118581958866,15693396728,27863388928
DEU,2015,42593707821,1849036000,4303289933,2420316382,763925151,7298102611,11472518774,7589343643,4517450556,61604665808,28540389681,16926243951,21401106183,54976992411,110374653616,5392980388,41147263856,17298091450,10126657857,105152167769,13495013515,24031368951
DEU,2016,45692700815,1975697817,4496618049,2441166439,852953675,7288766259,11723550526,7821710551,5332094335,65947337406,30664852145,18456476553,21604915306,58628926494,114124344044,5840196628,42454441234,19674163351,9674985997,116852448334,14235621408,24571725868
DEU,2017,46232020097,1999017338,4549692452,2469979972,863021243,7374796897,11861925731,7914031627,5395030017,66725725859,31026794988,18674321713,21859922062,59320934407,115471374492,5370274441,42955538748,19969514516,10264903980,118231679102,14403647044,24861750431
DNK,2010,5746950480,304959155,295689879,146454552,45969938,682086210,520536033,632296990,384844895,6636403820,1834919277,1161042924,380172717,2821302663,6486241713,173528276,1128865323,1346397142,688678051,414071781,248019323,2972863807
DNK,2011,5753187412,94646709,320438777,151684547,32180293,690421387,562884241,642681717,269336493,7344556860,2039900389,1420672163,417999857,3184819908,7685673942,590620259,1202374088,990234152,901192993,500295305,317385673,3032988902
DNK,2012,5454195391,83015106,294922085,324112411,9252458,654225869,482798400,555532967,908407916,8039100360,1932093036,1311407401,382306415,2991628035,7321649668,410384190,1138309316,851445196,969554982,392843934,184792143,3118055253
DNK,2013,5630561042,85383967,314845078,138071039,14474108,672714073,534745290,533815772,384665854,8639848006,2116672396,1368799226,393191151,3126938689,7967266820,440581220,1138408570,991836668,906146486,371944750,200380088,3380221579
DNK,2014,5753877921,102408633,325157379,34784713,18064299,697733519,526255530,546312197,97138134,9972422221,1488577795,1447933242,447622690,3285843025,6857526575,538765990,1271009439,1160257113,794514397,378154846,230851119,3692786790
DNK,2015,5007752902,85918140,287908935,378457827,12749144,573046319,432251400,436242435,853596509,9504209481,1279681501,1245203200,405533598,2715900237,5984226061,356255283,1211833781,1142695881,668957628,342453074,201658190,3765053071
DNK,2016,4907490305,88257849,289215888,138912106,13186526,590265875,465620990,409105000,451944405,9864418329,1280734278,1477710630,420054252,2727034749,6681385151,370028949,1169803548,1246535083,612997323,354579790,226063960,3746554128
DNK,2017,5169734201,92974126,304670855,146335219,15474340,621808194,490502600,430966539,123551983,10391547947,1349173485,1556675757,442500891,2872760603,7038421510,354256181,1232314897,1317311440,677135913,373527639,238144247,3931191261
ECU,2010,3180102690,7415418,128320679,102216713,62570705,126476168,299663580,123749053,1345879384,650551755,467129382,474399965,291278479,150481653,22746034,358359,95183573,2780493,1422213,16201910,9234740,85755323
ECU,2011,2500498504,6827128,266597804,128187703,67019893,150899757,228036540,166834873,54548810,403058497,420758757,529810917,424669558,218660152,137490122,1673232,79645772,2805341,2553087,212502705,15731917,116873948
ECU,2012,3105477245,8522628,187524019,114397804,41689229,125409947,394917546,133962123,4547760045,553075996,496149778,645065792,291788763,176328045,65635808,1036332,209583551,2150132,2448392,112873507,528599,161167201
ECU,2013,2424409786,9872723,181298197,106625914,56397640,99121733,267533400,149606814,3880438631,594429506,367374393,527802126,261986858,163746622,38494886,2399913,138256939,5402686,4935918,158332412,34346374,125188132
ECU,2014,2449642342,8840663,173593832,109609886,63867911,118082037,297217763,146891097,3215592693,555528500,410475422,555574699,259729204,126578005,46952499,3485982,137717824,7507222,5140753,159193130,9762036,147364307
ECU,2015,2831792496,10149813,150956369,96484601,66156488,117909090,330361116,123927774,1577961084,559083667,413988661,922234815,248816366,150463551,82662952,3601758,164752152,11552712,6763194,134514106,21627388,134217810
ECU,2016,2682564802,2824518,111896467,59672152,44898731,110589890,272954842,106690287,239166581,468553250,363466254,499529504,220470518,161740075,72545995,2703422,127827485,9107154,4478543,76024117,21888505,110615592
ECU,2017,2732759430,2877369,113990210,60788703,45738851,112659185,278062218,108686615,243641730,477320552,370267228,508876416,224595837,164766463,73903434,2502868,130219320,9306986,4784058,77446637,22298070,112685368
EGY,2010,2609974701,398690097,675074436,467479837,32186915,20792811,325275621,196288365,6284312025,3004064253,374023892,2425989733,1083936283,332673953,216941011,10678172,890734751,82851403,42378241,396086727,100603119,104489320
EGY,2011,2592148298,360697799,920866912,474623232,16974536,27976203,391893546,122837372,9826573263,3587468573,323526150,1809150712,1525219002,287414703,276626256,17084900,663005905,28644549,26068852,488704712,51372634,433834084
EGY,2012,2786708780,355428069,608726502,404847675,10739659,25102633,388839737,112786568,12435430605,3874544299,340838050,1653089188,2609300142,344841975,244047696,89753298,809676360,186215787,212047052,303693756,59174631,131511290
EGY,2013,2789066311,290685375,689765040,416617409,10997005,24773937,410442010,122026251,14827284735,3252097099,278171120,1544686168,1598418707,421125493,299518582,26132549,978839866,58829608,53746997,402156084,72447664,104549213
EGY,2014,3812949260,428571146,734301513,677737778,13761710,28945792,367818991,149657321,17767460876,2607559700,305793666,1857584814,1108121683,395964230,415979747,17071507,808233119,36764269,25175231,552464540,42228668,174878243
EGY,2015,4103564072,535154587,441000549,417174538,10371515,19156554,382585138,772057055,10683484158,2757704656,388805446,1685000685,1843369056,397230336,355540927,24269794,884685964,77845847,45572557,756525786,116431538,653581315
EGY,2016,3717068855,484750917,399464801,377882849,9394671,17352289,346551260,699340666,9677257507,2497969547,352185707,1526298470,1669750876,359817097,322054215,22202477,801361593,74794600,36781066,685272213,105465404,549628797
EGY,2017,2792553078,364182833,300109227,283895175,7058013,13036398,260356433,525399450,7270313328,1876670253,264589471,1146674882,1254447558,270322768,241952335,15159163,602045556,56369770,28975680,514830127,79233867,412924175
ESP,2010,26460806454,584203598,2049149324,2378666172,1342171690,2711096690,4420928554,4117105733,2864994737,15111682408,7117324003,9000390963,6354985206,14924806324,11987232742,193799492,6027984957,1503680486,769128003,10742009013,4656411272,5273857850
ESP,2011,28566284804,453739800,1960506355,2386304364,1439345002,2545613711,4711720780,3993855607,4034308649,15879919934,7229948915,8647469049,6160240635,15014839683,12409171901,506045594,5263187297,848436235,772145445,11764844352,4919962954,4885209768
ESP,2012,24558586206,562126908,1754992360,1880009291,1248371407,2034835102,4194687292,3074288060,3167697428,14089919873,6475444761,6274749771,5021752579,12515835918,11181764468,360175777,4405918712,747275217,850934873,9813514951,4484937694,4200083647
ESP,2013,25261731053,362871569,1835734521,1710661393,1415770175,1953903460,4120378365,2958870570,2123721551,14401341549,7008347377,5881228267,5048601825,12442657931,11441275818,343997923,4321132722,774408301,707502943,11085042873,4554549636,3903823696
ESP,2014,26165170333,606449789,1884757262,1484216453,1541531427,1931325567,3595181900,2983955944,1317711507,15911645001,7122567600,6166390669,5707340955,12874751880,12268169814,375639970,4587180307,808957795,553953609,13110512643,4477194248,3984443745
ESP,2015,21417852658,423219871,1655060338,1320454824,1312025943,1782491996,3375777371,2366859420,3279953843,13831393237,6340090986,5374980899,4916270791,11077913047,10273395877,247610810,4134600775,794216581,464950691,11290188853,4014710552,3350934249
ESP,2016,21957889015,416134344,1714314212,1294087092,1235792808,1819730404,3455065346,2367718064,3806047386,14656733099,6333272495,5707743616,4980448766,11444247181,10251704748,259438630,4348393699,873983928,429791199,11915689321,3833590459,3386811738
ESP,2017,24206235950,458743831,1889848988,1426593306,1362330062,2006059121,3808841867,2610157200,4195762216,16157488518,6981758959,6292179936,5490414760,12616064655,11301413531,259922747,4793641312,966529949,496824152,13135779446,4226125523,3733482126
FRA,2010,43586407723,712937624,2951877105,2724738326,1974849149,4087835824,5425637012,5024998640,3916058048,32615274586,14408280819,10474077574,8192889166,23981088254,30999211708,1017051877,10875907800,7891254216,4036352574,18580879803,13943009501,9423676475
FRA,2011,46599662468,2929565884,2955147388,2935407550,2369066665,4441756784,5596958318,5176859826,9536694540,34112503562,15593135517,12103203564,7310299080,25383712341,34348409610,3391511043,10850136717,5686208707,5174908816,18690076256,14533574946,10299508823
FRA,2012,44693520982,895420014,2502781756,2471559560,2385987814,3914330574,5268959808,4378936620,1781332021,30354467842,12977871613,10294310376,6141380770,23563461598,31632777056,2535739591,10017807930,5261029401,5990822771,16009374350,16378900016,9089517424
FRA,2013,46301378333,6166486423,2594538439,2614321810,3004238418,3881783392,5230236844,4265102122,709810247,31650555050,13208234106,10475211741,6568068369,24258489907,33460265881,2444131449,10177797782,5502229967,5026862298,17279617989,17489932664,10541598194
FRA,2014,47994576314,712323129,2400856507,2926640807,2634361564,3997049280,5356022241,4200968120,18325089931,33154401239,12936844035,10537579057,7331528092,24216463458,35141184322,2916971649,9979687714,6281831385,4301637472,19868362043,20248471127,9912934851
FRA,2015,40605151171,462813534,2199057569,2255952612,2303642617,3186348719,4548726184,3435888734,2333254644,29844874186,10668445393,8236262051,6110735661,20607347990,28650853377,1929873587,8362252140,6190107768,3623816167,18899385223,18096419827,8292269921
FRA,2016,40918106479,635926733,2179782836,1912868472,2414840242,3243569164,4718733126,3431946880,3346220111,31513603334,10850022184,8292045999,6050650694,20451088730,26721200386,2061354913,8435071759,6944189701,3414881584,19942148690,20395891319,8545576492
FRA,2017,44498440290,691570314,2370513807,2080244440,2626138733,3527381426,5131622216,3732242190,3639014330,34271043237,11799398991,9017599922,6580082555,22240558741,29059305089,2037300086,9173140434,7575756897,3894156618,21687086454,22180531558,9293314329
GBR,2010,38454800235,2876216441,2916247069,1389528620,475194104,3529426032,4823253383,7381348454,3726264007,29896270245,10636924469,6534880311,6157110608,17824351374,26904468217,1091679456,6845048557,8470285842,4332525493,15181820592,12684434459,9950974942
GBR,2011,38608823161,4647589711,2919255585,1440716840,625872651,3768028779,6208528704,8516929888,3342112540,29867515537,12331402185,6614699055,7452347976,20781446394,30849360298,3291398119,6934102105,5518359340,5022152347,17652918421,15040271349,10116304630
GBR,2012,37856747739,2912895112,3454972013,1354936272,484308329,4145505089,5950165045,7617000687,3131032255,23905054362,12486982294,5926596618,5531695501,22318789557,30535634321,2292698753,7759949258,4756780070,5416625566,16647474499,15422164670,10376588212
GBR,2013,39651557681,3872312173,3404549166,1404411444,602497518,3980095114,5599854525,7646992563,1363120748,23216866165,12515300004,5818788011,6580738694,21868085022,31303715738,2342426175,7437220348,5273271000,4817684347,20488634250,18256551370,10067338159
GBR,2014,42266095704,3790175606,3060504982,1446354837,627673464,4429262827,6110530956,7640186283,1143262304,23782085653,13449083674,6280580950,6905336380,25148983911,33596444775,2736438544,7480482731,5893045115,4035406578,28732373572,12849133186,10047815054
GBR,2015,40878369127,3353245587,3261896967,1510131334,484932008,4863403442,6099408600,7375003222,4439129635,21395449767,13745099471,7790849256,6649656650,23523803092,27744919509,2012009823,6715748751,6453561373,3778047316,29690412329,14183346710,10526894518
GBR,2016,39618561965,2837874954,3084582111,1510314420,546147397,4656304507,5253791642,6473993059,4509809714,15653606258,12050980931,7055214898,5414338873,21114527174,26967576433,1911822500,6522787956,6440452362,3167163213,23261829666,15549267798,10304327579
GBR,2017,39284751750,3362297318,3098430731,1517095167,548599394,4677209573,5277379202,6503058866,4530057073,15723885096,12105085329,7086890175,5438647230,21209323505,27088650767,1745283547,6552072835,6489885294,3335987429,23366266582,15619078195,10350590156
GRC,2010,5612513258,1011041909,427391761,647246207,114827589,376533833,454410010,591090581,1985576954,953982859,852134673,1503883874,1314491189,2004516287,1107748537,23933571,626982490,185699370,94984664,133766862,306471792,1632907861
GRC,2011,5333528054,483027404,368802591,490578357,76040343,247443891,383955088,462219627,1952443508,1474654403,868972866,1142412283,1169380920,1798833677,1081524421,44359207,549659061,74372663,67685125,111349748,375058195,660632807
GRC,2012,4494830987,222024072,310551022,422719435,60516974,154697328,329823964,360532146,1560849819,1265717076,739309341,854946876,935636163,1242589530,980606316,35516613,429657679,73688145,83909931,74521967,168188363,455097941
GRC,2013,4049211526,220006661,195177911,346805936,46205382,86435929,336715097,263556566,989698090,1650249103,600537188,658692263,1084764306,1187265919,857455050,33269143,339237797,74895511,68424879,63200464,166233155,342158823
GRC,2014,4097350527,283920921,217982281,316293205,57049531,55988146,382895232,354768470,660049806,1474663998,623166636,855212239,708475570,1053293581,810899395,38383843,259509037,82661356,56604383,45772298,158544627,259641709
GRC,2015,3500214604,250649081,206175499,191092201,49464374,68651233,335825393,233791270,1864673950,1246701953,524699477,662889199,598896035,845108849,672648973,23109857,290797310,74125325,43394487,37819173,143513228,237229774
GRC,2016,3332946221,284944727,207514096,205744247,46790223,77430630,337155075,221672827,2016514847,1247407470,488034215,567566495,255299853,911358547,588694018,21038541,220787919,70873591,34852867,29644869,97120137,269126752
GRC,2017,3630287177,310365400,226026978,224099235,50964503,84338422,367233572,241448846,2196413476,1358691992,531573040,618200605,278075830,992663256,641212970,20825780,240484994,77441241,39807022,32289566,105784482,293136261
HKG,2010,925454898,110306033,137852617,311487705,32396541,81516277,318355496,353788608,81422889,295398464,38253034,66830556,96966479,87738001,541199187,13889015,159297816,107764174,55121048,371175836,169465539,144287316
HKG,2011,988188381,118954523,169937159,243474955,39071806,92270362,328375483,341460076,92789713,351361768,38631715,69246607,108862734,94631606,481167254,28393629,191956959,47604769,43324182,329632054,154385670,154500591
HKG,2012,1086674477,119810451,151052884,228374898,35710650,97813707,316787396,380312823,97975732,343199702,40343488,68606215,99696390,99751357,481866099,19520872,170146411,40500957,46119122,299992633,143568547,159136534
HKG,2013,1169092739,114171858,150697285,201932948,42040423,104725501,301012827,374979952,112290672,392470346,45493104,77388987,73822572,76641589,471255841,18954632,125280205,42670677,38984124,315138390,145013696,173502258
HKG,2014,1232983518,110566731,102412355,137977127,40094726,84529629,259708959,308378846,108998786,448924779,44803503,76012123,75248571,74607962,474605376,22954565,106036052,49433703,33850936,326937015,136286131,179602532
HKG,2015,1214885074,99656813,88681224,125463962,37801589,81738870,231675679,279176688,98852534,416293095,48608893,82164145,75032156,76675531,491912644,15882432,99435901,50943218,29823205,324687291,134927178,167491491
HKG,2016,1266130300,90692829,80947730,121699690,34309816,80329156,228520889,236679277,110547919,488518149,53476094,85645863,71986658,73976179,477956442,19039038,78654521,64137762,31540449,323572820,127196300,163759683
HKG,2017,1268762014,108590609,78230484,127483111,38264856,78841168,260371690,211867231,117260661,495909718,55045914,81140953,73722051,74449276,475011367,18429794,74108839,68531702,35227263,338167485,129598866,165504975
HRV,2010,1675536480,120597681,89962170,252152096,125749839,159003138,109184940,223336767,20282969,572320972,233386765,439799593,75398358,595553919,774969894,12820335,309465914,99472332,50879796,45441342,317699255,274054893
HRV,2011,1757352256,123626991,102272136,251023883,139433220,226607683,130569980,230937317,25937961,568200574,247181911,412066910,57471084,652147414,721945706,35780339,304520132,59989330,54595132,49921312,273977473,251605315
HRV,2012,1510986802,107714794,90877686,196079785,125781585,216709525,117310213,208947006,11718731,491394618,212603405,357096022,105927704,656178187,639972501,18616385,286617659,38624373,43982224,47705482,196163200,214477329
HRV,2013,1579887921,86869303,81750712,189849392,122760864,235191275,110268051,226044194,18225311,504681431,205172239,379196057,104545056,723477970,557099010,42578581,309442092,95852923,87571666,34659800,127937836,219619988
HRV,2014,1499054742,71516736,87834813,203713881,150114341,274676005,124820182,205105977,147173368,517985653,226857267,406445187,94371508,764446219,577708364,49497671,332695391,106595491,72993866,57000451,113782920,163165542
HRV,2015,1299311900,45873031,83518170,166373786,74131010,260489328,108970381,178342780,15206391,434071310,224714157,372173937,70554761,683884966,547548199,35349888,308863095,113385468,66378181,56289135,126662073,202463017
HRV,2016,1350929843,39715457,66880498,171452794,102178816,257349629,130541332,181686573,1194582247,506877324,245399273,387223901,79559182,808993108,585332920,37076386,318919804,124901081,61421479,59946165,78159092,216847884
HRV,2017,1431460588,42082948,70867334,181673326,108269833,272690586,138323076,192517154,1275446317,537092964,260027854,410306839,84301812,857218275,620225403,35704007,337931043,132766342,68245713,63519637,82818261,220120300
HUN,2010,2445276460,55905665,122674512,259391687,141353889,250515675,410151487,298207695,1767652372,2321542262,1304377174,778439950,589261577,1312723315,3564052169,150665709,1064459709,1169007638,597943858,3791781642,176063092,606220042
HUN,2011,2571029421,33209534,150485049,292355054,163268621,252058963,429083848,318478036,1687433476,2623136393,1568768341,793555013,677391137,1611009892,3961522112,638576452,1119814385,1070637522,974366549,4321269056,212874489,676557410
HUN,2012,2245854312,42660697,137619282,264958879,144943565,222169695,394996887,290272611,1542723690,2507343842,1517281580,673704835,491754453,1477447800,3965517266,397471745,1004839240,824655080,939048627,3239642661,166530906,663682166
HUN,2013,2460612350,32647140,145186876,252019980,173719937,240872180,451486085,310545958,1204095560,2462735672,1592543418,770658290,547569514,1613644555,3867093413,409894053,1089034246,922753703,843031976,4330390990,186194861,757785259
HUN,2014,2555001539,67687434,164307923,230535432,182623352,260397525,489473028,297293824,926256058,2831856317,1710103017,836006208,662142315,1717668123,4106238272,454575678,1257393584,978949439,670359539,4964010533,247390914,775884191
HUN,2015,2272513939,43059794,140610205,184779788,164026742,241822917,428933261,279777684,735123911,2852933332,1590326940,785286352,610716619,1563248100,3840645109,312642037,1045198822,1002805528,587062943,4699732398,185334682,758651428
HUN,2016,2353030123,46573845,131424539,192711727,192932970,256764602,480894309,268048525,862667061,2828282443,1665153164,813327567,710334106,1631301396,2689999195,318199805,1098633848,1071935648,527136132,4927424612,177334616,856029461
HUN,2017,2585040582,51166059,144383093,211713241,211956300,282081776,528310833,294478302,947726652,3107153122,1829338462,893522249,780373559,1792148885,2955235046,317696740,1206959934,1181364144,607255098,5413272216,194819936,940313084
IDN,2010,18093966918,6866779362,4358758109,3423819180,1724670258,1573082325,4748728517,1181461830,257743489,13406621614,5563321147,3664181759,3494882899,3095341990,1472647069,219430203,3168165801,1702547881,870848072,12066751494,5089526352,1981423695
IDN,2011,22721460118,7658525106,5409483679,3656767507,2574522403,1812490891,6860363642,949807167,222244814,15882912147,6161577675,4218250680,4355794658,3492478083,2203231776,672921199,4251528390,1128219939,1026771195,11828112521,6783896531,2222107026
IDN,2012,24890077791,9795473732,5096355301,4687714647,2772487980,2128410653,5927592199,734419895,181026922,14941494954,6323345458,4839338349,4135705787,4485271079,2345856058,557964569,5232413080,1157637801,1318221657,13448705398,6015296591,1861885142
IDN,2013,29709997601,12004983237,7647290902,5257021605,2692791108,2145561784,5672089889,887229380,336278284,18622198158,8492687078,4523117549,5993042548,3886782539,2519585072,728191374,7241339145,1639304792,1497676307,12480740581,4894924897,2156143747
IDN,2014,29150561029,11305354336,7146417139,4497977206,2867656799,1871071171,4962050897,1004549883,216346663,19083702597,11551753364,6649299324,5665042524,3492067293,3098990905,708589119,5974423224,1525978962,1044951366,12521928530,4896018914,3152609213
IDN,2015,27694961735,9627426396,6372134403,4477178608,4440488101,2931080831,4003523574,960262114,286514505,17249635817,9869226568,7887573529,5808398769,2573228542,3993067561,769030688,5187685147,2466681169,1444045796,14540453525,3629713395,3212318306
IDN,2016,30003770512,10430023156,6903351596,4850421560,4810672324,3175432321,4337279961,1040314999,310399976,18687663100,10691981159,8545126305,6292619769,2787747439,4325952275,841423600,5620159945,2834545892,1393919087,15752628037,3932306849,3480097593
IDN,2017,32446672868,11279234029,7465421416,5245342134,5202356521,3433975529,4690420625,1125017286,335672694,20209209740,11562520613,9240869168,6804963897,3014725404,4678170640,826955222,6077752499,3075055940,1580667067,17035204576,4252474665,3763446601
IND,2010,14173578809,2037569065,10505444933,3375262095,1150138132,332311212,2475079065,1994599899,19233344615,25308897740,7338104789,9284001343,22232396879,7763949605,11648969733,380095982,8104203814,2949145559,1508479000,10656554333,5305633501,2561607873
IND,2011,17459925996,2199607302,9067044476,3643274022,1383144505,531698129,2403267145,1872766776,13903897726,35410912001,6672667321,11254470627,35273992437,7313929385,13713961765,1029440975,8259752361,1725961131,1570763919,13381119585,4893336508,2954763662
IND,2012,15113492123,2405614827,10854830376,3583347963,1206546379,490654147,2002296788,1774683955,23636225701,28206202219,5807791358,10043242696,19217321750,6846262044,12822555764,727366962,7553362653,1509105662,1718444029,13247667595,4664345177,3149347198
IND,2013,14668090610,2153251540,9990886184,4179933579,1461379680,499192419,2469287053,1224370964,19548592615,28252004831,7357017993,8679558096,24073185627,5923835595,9822103526,791188818,6855235035,1781124672,1627243594,10771128187,4328230842,2973587169
IND,2014,15020221200,2543031885,9745897698,4000954358,1491493116,601071475,2415603375,1903475751,24554046096,28906014228,7416442805,9626725849,20579926296,5927766359,11282749196,835980390,6621361920,1800321869,1232814371,14089673072,4653415723,3836982874
IND,2015,16192544376,2989027114,9689605041,4854990832,1691853640,664573781,2499815126,1899226935,25396037882,35389915854,7725893700,8773319480,14791632815,6184891295,11620728126,736349494,7603852192,2361855593,1382678752,16090644112,4825874022,3257592630
IND,2016,16202346555,2990836525,9695470657,4857929808,1692877807,664976082,2501328393,1900376635,25411411409,35411339188,7730570581,8778630422,14800586950,6188635328,11627762750,744119639,7608455194,2506753158,1232723408,16100384606,4828795371,3259564619
IND,2017,17700982137,3267473864,10592252939,5307263887,1849460491,726483026,2732688691,2076151918,27761839181,38686709995,8445609486,9590609592,16169566817,6761052975,12703272334,738814114,8312199040,2747300784,1412191504,17589589219,5275434661,3561057955
IRN,2010,4461699400,195030777,1270440102,103579259,116185342,153921576,313775173,182303280,4133763655,9532003695,1162541822,5132652647,7313545678,1541555877,1978349998,162955748,1611186530,142105805,327164937,7738489896,384668043,279006999
IRN,2011,5671781349,208536365,1422002351,125932497,134160782,183165301,336423214,249088039,5796323438,13438058624,1562512045,5669196175,9424455264,1816739348,1975406204,167450608,1710110457,166397793,311332850,7667597194,386525855,381283165
IRN,2012,7283720017,323036569,1623655729,124483522,154549850,238124328,411424629,223073670,6279870680,19377669499,1974206380,6486433963,13415697467,2127654103,2030366977,178436005,1662890762,159201962,423644121,3652290217,449908649,340204093
IRN,2013,6285781031,323732158,1422053432,115704364,113388791,256782283,605868609,135785281,8364278469,16634368830,1403684269,5663477827,10965543734,1771907091,1990397648,165465780,1246578936,358674884,305757848,3807488390,397871552,259966467
IRN,2014,5532927310,131342769,1114880134,98012371,110172500,188494615,570269545,158329126,3606416901,13719672303,1367802844,4394501655,9282878450,1385878901,1779024073,146998665,1098183518,279217014,266044883,5527959318,381180982,219852626
IRN,2015,4972939244,159548054,1019595463,78011295,72240340,301956142,575489098,140392300,2513776319,11206091777,1159105527,3172685706,6045673547,1464165818,1557562878,117073712,918046255,233342985,497232418,3840837740,288469520,212836525
IRN,2016,5400706437,173272216,1107300032,84721747,78454381,327930103,624992087,152468703,2730008810,12170028434,1258810609,3445596914,6565716258,1590111877,1691542858,127144275,997015663,253414912,540003846,4171222710,313283376,231144507
IRN,2017,5725363642,183688274,1173864089,89814697,83170575,347643241,662562761,161634183,2894120124,12901615581,1334482549,3652724977,6960406677,1685699609,1793227995,134787405,1056950103,268648656,572465551,4421970926,332116043,245039491
ITA,2010,30033175731,371765937,7856617947,9117204805,7754637271,5493315226,6043613553,5132939226,2434159585,23592368409,13208219119,13637200690,10886371269,32904397461,46305584176,740411013,13464230091,5744811712,2938453750,13849108590,7467899394,13310992226
ITA,2011,31569391481,73260075,8771051845,10704033474,8241549858,6053200300,6548366381,5460725165,2099936716,24589945701,14291831420,13989198928,12310055265,34472966451,50530685094,2340882589,14317270604,3924724641,3571816160,13758853417,7230504834,14427647126
ITA,2012,28394025469,69254038,7001338952,8763269281,8100280745,4821699706,5843935332,4852793291,2520512751,21675356990,12861206440,11348154033,9560783069,31339827378,47777190474,1606116475,12736061682,3332292490,3794537572,10692745427,6921420314,12055601363
ITA,2013,29885987409,72627428,7344664533,8982167112,8867450429,4815583299,6098977772,4646030853,1023289919,23410727350,13455591973,11121555747,9170573414,32120575325,50074950843,1607274800,13240896013,3618297851,3305693357,11839731312,6343813062,12747652992
ITA,2014,30754339768,65673297,7877876597,9425510965,9366736939,4714944787,6631410682,4645556571,13976193027,22925950387,14032857876,11019978758,10382749025,33015493301,51862005113,1809544619,12644431501,3896936806,2668522658,12309033588,7773463076,13360484364
ITA,2015,26863371663,57116937,6648855055,7789530188,7854299577,3950384682,5492209469,3909127454,1497905501,20668789638,12371639389,9426068624,8436892656,28583976869,44430322328,1190212297,11038208674,3817629526,2234918698,11606383344,6411182271,11896293280
ITA,2016,28252557457,149662350,6553396716,8275122092,7927790406,4112672629,5885944790,4335341053,2172814160,22073150254,12966090699,9946185928,9262472812,29423972281,45652325192,1043720949,11213835963,3516035121,1729048903,13125155120,8573561649,12687672599
ITA,2017,29311679238,155272840,6799068110,8585336912,8224984581,4266847031,6106594985,4497862769,2254267841,22900620625,13452158875,10319044992,9609701084,30527007641,47363723249,984102428,11634216239,3659412185,1881042960,13617186246,8894964265,13163303537
JPN,2010,127564512936,4756135732,9610129885,6232818172,1801346835,9818776798,26078187056,31316517596,13385380191,120030508132,58616727354,34946016954,56932867585,62441601791,111992116644,9353869129,56444145085,72576198791,37122505348,134979800324,20590186532,23389199404
JPN,2011,130729122268,15736696274,8333790239,11940114878,1766761871,10274785351,28431082880,31513518485,20850296127,127808305585,67738401960,39833588574,64793798841,63603427368,120240049058,18326144476,123895080126,30725620809,27962794581,119870046195,56142044565,26676896448
JPN,2012,135971301329,6497067851,11104135200,6383996682,1912020680,11142598447,26662324460,31758598193,12910165759,126256643103,66692375673,34590616133,50610853140,74216433532,130845851174,17687444054,59991611779,36697050255,41787549076,174199157029,20319861567,26725402180
JPN,2013,110774733442,4870339621,8661133265,5053370305,1525067847,9532227346,21282647636,26244958562,12063231338,107204256976,54505775247,29373735049,45299576750,60263541642,105417292232,15103073306,48972281123,34000046334,31062596820,151520613755,16628434433,22097759677
JPN,2014,103122012211,4410552323,8055479392,4376477969,1340566271,8718050963,19460458368,24271521218,6297875117,95169180632,50778725948,27723347694,45095340751,55770043076,102370705736,17562961234,49268212655,37822637436,25899974785,144541419176,15723643810,21051995001
JPN,2015,96832562557,7943158448,5412487413,7657450863,1052104794,7409535436,18234167129,19584667483,3302963502,87129281374,47012786901,25658284036,43003584497,47733466830,88397993305,10958263849,68606922362,35148848417,20576857453,105217793976,43724347818,19256828090
JPN,2016,108544384975,7775027065,5796003782,8713917808,1168020671,8225882637,20243120514,21742412543,3666868234,96728769166,52192431069,28485191140,47741513906,52992512067,98137261715,14788087856,61092895445,49817373393,24498240731,118693521086,46658358769,21378453372
JPN,2017,109007390738,9329707869,5613669264,9147943140,1188281297,8368569779,20594260097,22119559024,3730474168,98406637935,53097767201,28979298662,48569643898,53911726500,99839562360,14346115624,57687782226,53346429002,27421596601,121613203346,46606885479,21749286574
KAZ,2010,3319252146,232414238,91185233,72773235,20012894,56490109,112271725,112703335,2455011367,659504598,287524685,958876183,6109490007,660043433,1079826949,3330187,234215330,25838760,13216447,54275050,73029079,129626412
KAZ,2011,3916375240,284868113,90224559,75499503,25416579,68126062,134549092,149191623,3115262618,923205777,381619712,1196766492,8256058673,714974795,1269278016,11174918,234850664,18735871,17051155,113921055,179533832,178991617
KAZ,2012,4281768463,349624612,119020203,85937128,26873669,80671976,135714310,178832090,3394479336,1041481432,402074943,1430580267,8378613463,768837623,1369408333,12125753,258549753,25157923,28647751,232095230,265651773,181757398
KAZ,2013,5480139124,401842074,118630769,89224179,23564843,70350086,152683410,178962395,4026607205,1593603020,400480731,1765648924,7273528291,858536877,1459965925,12787069,294026457,28786258,26299256,436016323,300536057,173808879
KAZ,2014,5401805878,322930195,90587918,84710970,29742454,70383295,149816118,133096033,3072300231,1481173787,377972375,1709779283,6703949018,745966608,1326074499,13247373,272637678,28528822,19535808,438762032,213446867,159755197
KAZ,2015,4461778459,244061728,76655517,78159159,22873035,59224727,117345400,130709051,2251130892,1235194872,303872758,1376907479,6428974054,583835175,927425003,7694569,205749078,24680484,14448462,168586935,107393131,119963469
KAZ,2016,3510725976,173392565,68888824,51774024,19058335,45449497,102332242,77916764,1717813304,931079027,232353285,910962708,5992258008,486699205,759197451,5784228,203735095,19485619,9582267,68237082,79217325,87891054
KAZ,2017,4059121228,200477464,79649648,59861419,22035355,52548966,118317117,90087803,1986145456,1076518837,268648182,1053260234,6928282597,562724373,877788387,6077899,235559669,22600836,11617479,78896100,91591519,101610662
KGZ,2010,111465708,9940279,8840086,24957597,987746,1773219,4262533,10267930,11983210,4627724,7944768,41747583,573416214,6911354,7705613,33970,11621668,1763823,891580,2223471,377994,4984908
KGZ,2011,159910771,7773476,10104239,42241071,834882,1976981,3687666,11209744,10502361,7365203,12102152,54774571,799016904,8092604,17016684,18614,12656414,415461,947519,4342598,760675,5822575
KGZ,2012,166905509,4125094,13585218,45243044,893155,2653834,4495933,8117171,8206290,16135335,9836522,87952235,397296985,8031852,13155719,23138,17734584,151890,1044871,6397135,554809,6036051
KGZ,2013,250972336,6202818,20427809,68031022,1343019,3990515,6760441,12205621,12339628,22553647,14790973,132251944,597407198,12077328,19781980,34792,26667125,228394,1571150,9619239,834254,10379797
KGZ,2014,163983416,1782957,4193219,36543374,1874240,3604165,3727340,6591123,30132246,14387434,17322513,103407988,669892303,13622013,6769393,47825,19829430,102994,70527,4666281,2166,7470117
KGZ,2015,138431334,219070,4824346,28724698,3263024,2660268,3484107,6294751,37399674,6484169,10287983,82664844,626372594,12377596,3638534,67835,15431677,217584,127378,3345395,1575,5118571
KGZ,2016,136992670,206653,2754280,35736627,2269683,2679830,8219789,1493684,36041280,4932030,12093840,58527336,729266796,17448414,3617718,82357,14411043,277440,136434,5738867,1563,4560084
KGZ,2017,154372923,268254,3103715,40270531,2557638,3019820,9262634,1683187,40613835,5557757,13628184,65952695,821788835,19662094,4076698,84342,16239371,313630,161215,6466956,1762,5138621
LAO,2010,304282883,1208613,36937727,105119589,1899787,27249019,10473499,1471927,8542009,20760216,50003568,193111803,16529257,38783486,595619,199034,5406187,1544295,789902,2650072,2625937,85665156
LAO,2011,375189449,1490255,45545268,129615443,2342491,33598815,12914123,1814928,10532540,25597937,61655821,238112346,20381044,47821141,734415,743269,6665982,1246165,1134111,3267614,3237856,105627574
LAO,2012,455537368,1809397,55298920,157372970,2844143,40794100,15679720,2203600,12788114,31079810,74859595,289104802,24745704,58062178,891692,697489,8093522,1447117,1647857,3967383,3931252,128248028
LAO,2013,514344323,2042979,62437656,177688811,3211303,46060357,17703871,2488070,14438977,35092015,84523489,326426378,27940216,65557633,1006804,806729,9138344,1816110,1659206,4479547,4438751,144804026
LAO,2014,578616850,2298269,70239873,199892826,3612588,51816065,19916149,2798980,16243274,39477117,95085555,367216657,31431629,73749723,1132614,1040813,10280272,2241438,1534879,5039312,4993418,162898754
LAO,2015,606288790,2408182,73599045,209452559,3785358,54294131,20868625,2932839,17020097,41365082,99632954,384778533,32934824,77276751,1186781,829463,10771919,2660520,1557523,5280313,5232225,170689272
LAO,2016,632883714,2513818,76827475,218640218,3951403,56675749,21784029,3061488,17766685,43179566,104003364,401656885,34379514,80666504,1238839,874455,11244431,2945821,1448640,5511935,5461737,178176575
LAO,2017,680570641,2703230,82616321,235114461,4249136,60946190,23425426,3292167,19105381,46433087,111839876,431921186,36969963,86744615,1332184,854593,12091683,3177831,1633496,5927252,5873271,191601938
LTU,2010,735350217,32821218,102871382,160734303,9235583,238007643,84712147,53957050,238926943,416825212,155317111,107201988,11844230,168887139,219461657,6871640,55124591,53316710,27271335,41037361,57117429,345010500
LTU,2011,856184625,41883682,123506951,207283125,10016529,276770875,98278618,77382637,304898502,528200966,167292382,147894529,17801787,218576910,285934152,20942915,79631237,35112899,31955572,47219797,21879818,434370377
LTU,2012,797559175,34633682,124263101,187146431,10072248,242845881,99801875,81088721,252121048,284262820,201346302,164125109,15851589,220258987,297804534,17219819,83032664,35726846,40682761,44420335,11929081,454112920
LTU,2013,874589373,16155188,131299094,209039722,11159904,299710721,129721629,84275018,117604104,174522720,211034718,191012481,20274832,231956991,342218087,18745739,102778229,42200418,38554493,53786454,20392478,495830069
LTU,2014,923100212,19380801,144189925,219436540,10682555,362711576,146906707,91773039,141085435,362086159,254532949,212120085,10957420,272960854,348745248,21579323,106530766,46472056,31822875,77790776,31953387,601759136
LTU,2015,906592182,17516946,123101971,188878501,9119856,303557110,129545649,82989245,127517220,535836719,206637986,168166679,10612660,272217102,311615589,18843099,95572717,60439613,35382590,81687201,39289798,749434005
LTU,2016,903134281,204167019,148226562,199496701,9196547,329150973,143592892,79453782,1045954402,379779544,244903129,184950804,9947624,298964089,330700692,21005313,104747051,70761654,34797821,112612897,40971865,626020188
LTU,2017,1088143028,104705353,178591050,240363974,11080476,396578165,173008164,95730039,499181043,457578094,295071993,222838322,11985414,360207442,398445347,23000421,126204680,85527707,43963697,135681859,49365028,718819593
MEX,2010,27283366867,2624842593,1538463334,1923315813,766890224,216557634,2875005856,607204823,14982793379,14036220142,4158187143,4973996930,9662783373,4391091079,3737998662,347906199,4778065747,2699386657,1380728080,18448497342,672765323,2849629013
MEX,2011,29863430281,2603243979,1619248873,1901226523,850440039,221683487,2905707932,688282646,13701502778,16219179004,4540126818,5372766952,10844346501,4949589824,3797532062,1031833936,4875934663,1729973171,1574415199,21995481564,1094906637,3002215733
MEX,2012,30536989222,2743547305,1572096437,1792165631,904935040,244223870,2959362792,653836323,11989160754,16010158277,4807956106,5534891945,10432836340,5244353792,4106655035,767046363,4582587757,1591430557,1812188774,25109942338,1349720847,3052442022
MEX,2013,32496417708,2497213277,1535407476,1754235283,975704025,237937042,3072443829,655913659,15868108671,16600333135,4886518329,5369124801,10277814142,5209850272,4003752508,812805462,4326968260,1829788070,1671702695,27127523725,1106226656,3217973594
MEX,2014,32901022987,2614357624,1636785769,1821284714,1028418689,223100858,3042892018,660323943,15601771607,15103600916,5087915546,5480340419,10249312504,5615976287,4122227054,981483756,4619305696,2113669999,1447387157,30892028783,1214746717,3321739108
MEX,2015,30002244788,2052587201,1563571714,1645470953,988749559,225083916,2755125340,628018067,20989095338,12482045008,5072748206,5181420215,7767813036,5088295585,3762549811,710026896,4277040575,2277425338,1333251547,31240350128,1245447720,3155949038
MEX,2016,27665337356,1906264383,1432158055,1459326102,848743933,224912717,2609575688,565559537,14500904894,11789276909,4809794526,5119169315,7211788937,4817909696,3520218593,692131180,4030744922,2331617028,1146598292,29782694846,1053345580,3083088897
MEX,2017,29768520477,2051183023,1541034032,1570267457,913267416,242011104,2807961685,608554685,15603297322,12685525086,5175446263,5508340441,7760045861,5184178367,3787833777,676834775,4337171501,2516828894,1293722334,32046844395,1133423354,3317472467
MKD,2010,260977237,102233607,21281490,173774204,20494041,14213152,23687506,51631406,20233483,86932145,37062598,93007179,79886001,55365481,33989585,7598606,20670520,1498660,4576346,79047450,5862512,37681273
MKD,2011,312892965,96293880,23401805,200256483,21592297,14846752,17186002,52763187,12078350,95525420,45700607,122547836,173410249,66626763,30024042,7169011,33658895,1525242,3231045,43335358,5142328,39311877
MKD,2012,158800591,39486117,18625921,170431351,21215174,12048381,14909089,25391390,21904250,77113818,31968929,86259729,80768006,52557671,105261509,480041,42576516,995967,1134125,5867583,1231984,28753243
MKD,2013,223621587,74166928,24399001,187626594,24097247,15066168,13255641,38430582,258647,67334346,31964416,87573446,96195002,47612538,43862162,1340035,30110781,3016687,2756059,13751380,2435589,43603479
MKD,2014,252341171,70611597,32474013,203544013,26810442,14708058,16150869,38697481,796776,85879552,39881878,89346605,71451443,57087937,101233644,2521843,33852221,5430905,3718945,47871174,6029658,43887294
MKD,2015,229540357,38424782,36822249,164286650,22291415,13378450,13810594,33815249,396132,81080972,35327752,76777540,83691840,48310070,141293001,1852301,33401111,5941293,3478155,76435426,6986324,36282069
MKD,2016,240386024,40240334,38562082,172049112,23344673,14010575,14463138,35413002,414849,84912007,36996970,80405240,87646238,50592697,147969025,1959105,34979297,6599736,3245492,80046962,7316424,37996379
MKD,2017,247827280,41485991,39755788,177374969,24067318,14444279,14910851,36509227,427691,87540496,38142228,82894220,90359366,52158816,152549472,1835568,36062096,6825612,3508560,82524851,7542907,39172574
MYS,2010,6033125215,306842349,491823723,445258945,93756487,1442425585,862057808,800375122,9279237071,6121254036,3583319606,2160852718,2257012648,1859907509,1731565214,794960640,1195775588,6168059516,3154943716,2024397509,881434901,1297804499
MYS,2011,7027939744,357438220,572921557,518678616,109216188,1680270131,1004204308,932350636,10809309716,7130600310,4174180608,2517160204,2629176145,2166591516,2017086593,2804639580,1392949504,4702259789,4279435893,2358204613,1026776530,1511802174
MYS,2012,8179711157,234913159,512237596,408022401,105995822,1188487054,1026838569,873219091,13163586777,6864896767,4112016281,2221962503,2567177361,2258708152,2100070545,2479506163,1560637930,5144359015,5857968238,2551248850,1286097745,1422655587
MYS,2013,8361894745,240145290,523646469,417110128,108356626,1214957773,1049708954,892667966,13456774327,7017795996,4203601652,2271451426,2624355124,2309015498,2146844616,2596523891,1595397424,5845295909,5340288903,2608071843,1314742510,1454341852
MYS,2014,9545351772,210305360,552360932,540078097,108009509,1499422523,1233538862,1067751141,10700977127,6290400445,4671571653,2496623748,2510525962,2671883307,2295026368,3213774890,1677156982,6921010692,4739331113,2855178651,1481609357,1967911857
MYS,2015,7749353476,497990014,556189988,581462041,142798617,1388170529,1112533606,894021252,9023428498,6516835232,4325412879,2873230060,2265599795,3656766099,2812111125,2200470106,2119600563,7058051463,4131928225,3058199974,1147817181,1722929202
MYS,2016,7771058116,499384801,557747783,583090618,143198572,1392058562,1115649627,896525256,9048701609,6535087795,4337527636,2881277496,2271945360,3667008088,2819987377,2228569135,2125537209,7507492640,3691891994,3066765480,1151032024,1727754838
MYS,2017,8262553513,530969345,593023606,619969297,152255439,1480101961,1186211016,953227706,9621004006,6948411891,4611862846,3063509388,2415638879,3898935011,2998342859,2153442152,2259970865,8007634394,4116154055,3260728914,1223831241,1837029989
NLD,2010,13518400052,706315502,980206446,178267528,147805757,1136356111,1958691236,2288207923,1381374620,13277089510,2981544081,2407008886,2420385540,7524054858,12413432572,366599872,2020276969,2844429921,1454917269,2115105722,2396943293,2777185498
NLD,2011,14031597513,717865343,1168963897,173905788,165008927,1281286725,2123568997,2363506128,1557784371,14371207201,3231506138,2683654107,2313183338,8481208861,15278826034,988737241,2518228135,1657717235,1508656467,2596214631,2087981595,2941671175
NLD,2012,13188332460,722220621,1011314460,135038942,167931395,1074272673,1883221445,1965067216,1310173292,13807378640,2958779136,2142892081,2157667988,7979503763,13606683336,778577094,2218313388,1615353957,1839430752,2007210580,1782231362,2620732105
NLD,2013,14520041617,719369998,1047853125,156938969,175129015,887594784,1945273144,1929074769,693744614,12240310673,3071595642,2184930375,2305622053,7825970605,13999699931,732121274,2230604693,1648151786,1505758961,2081366585,2095042380,2716557858
NLD,2014,14460596879,685655742,1072398492,147267394,163453536,950471752,2159921776,1821472149,15262638009,11838043114,3368575792,2145725795,2663284413,8164053223,15151294029,953318299,2126753444,2053014404,1405851757,2168810824,2109107826,2836688389
NLD,2015,12569829560,287026457,941375828,107024940,132089845,876939078,1709737247,1453653711,1544708198,11468859070,2954332014,1777944851,1964046301,7034033715,12378515278,690889952,2223678797,2216043211,1297317190,2282126559,1620346495,2415103687
NLD,2016,13607327420,222668373,928172002,127760540,117473325,963790105,1698385598,1408905574,1678253553,12656037088,3159501622,1966406114,2331768128,7627691621,12966311604,689260099,2561183917,2321945071,1141842001,2327011621,1411781678,2429220081
NLD,2017,14931672801,244339774,1018507178,140194950,128906522,1057591844,1863682504,1546028577,1841591091,13887797282,3467002959,2157788357,2558709560,8370063570,14228269545,687371842,2810453445,2556011269,1313863200,2553490121,1549184599,2665646111
NZL,2010,4954850848,590574370,290746588,138611678,61782605,930771980,548164982,479578970,2819270172,814242193,611712928,606440684,523755002,1221906943,1077149717,23263916,198680102,180503553,92327019,148970266,539911834,613556088
NZL,2011,5773578163,695002340,274922560,140621309,61620574,943268782,564855259,485854523,2924607228,793167384,683356362,642275980,508764737,1292452033,1312992224,74443119,240162236,124811362,113588412,211721971,571965325,634375906
NZL,2012,6520871415,718953621,275463346,123958505,63194532,930093884,438310794,540394269,3087620029,912269786,803704820,702431531,419676509,1353821325,1332756481,56025918,226852167,116239856,132364281,170139125,527431288,688659186
NZL,2013,6477431326,632576313,278003753,122190440,63965465,939800297,443657906,546986735,2267493735,964402399,807769016,712640888,424796295,1376897642,1346555050,55001888,283744243,123820279,113122770,172214714,531405403,679018015
NZL,2014,6355397628,569914790,313580265,126095768,66366194,975583048,511849269,535077437,2269723825,1110804167,807178831,858612631,459585892,1474988656,1387883026,62197178,269612662,133944457,91721738,219838017,569090111,735835035
NZL,2015,6679540613,547921567,263602922,115762130,64157325,820795342,401680643,466535330,1917746125,940044283,683414983,732230339,449101274,1268501892,1290817483,41599237,255234575,133430377,78112882,253142489,443522377,693875380
NZL,2016,6940403894,497140668,271265125,119127013,66022199,844653577,413356381,480096213,1973489665,967368752,703279953,753514236,462155398,1305373709,1328337953,43233964,262653533,145644425,71622246,260500636,456414337,712609177
NZL,2017,7282147114,623263292,288329326,126620815,70175391,897787345,439358973,510297140,2097633985,1028222041,747520475,800914794,491227741,1387489534,1411898366,41763115,279176014,155297302,79827273,276887686,485125533,757436562
PRT,2010,3763881655,380639557,1030004850,1296214149,804587806,904581846,1207742617,653073666,641286297,1406406233,1198074255,1961737315,438119566,2591368695,1698044535,30707812,986166356,238260370,121869456,1380182606,111648979,1017952541
PRT,2011,3770878045,395076161,999228459,1365945849,905533463,876618604,1156035582,644466232,530753228,1451439103,1325075953,1823578135,469309320,2511416444,1638273175,105026455,980878670,176087394,160253739,1524838256,101062753,989219517
PRT,2012,3312630025,378777156,900302472,1214451110,863940907,778369084,1051916129,497883833,376721409,1220746923,1249399358,1451765045,357576941,2213687917,1574083799,71009594,814730649,147327260,167764032,1314927295,86085721,840941855
PRT,2013,3532454634,440013323,1039488374,1335574592,977482858,814967342,1068565851,525387086,318126725,1313002957,1352304095,1466357069,390488603,2313057370,1651576923,78420122,824394350,176539420,161287217,1374344562,96128443,902200272
PRT,2014,3647455223,542633911,1153727226,1489656189,1068683655,837964706,939592523,520742811,156289184,1369719388,1429024381,1507567088,409429897,2496779387,1781935433,91674035,790467671,197424212,135191051,1472408656,111843619,968381481
PRT,2015,3154296664,531797498,1036755567,1279308475,924074414,754387204,979527751,454384653,611428476,1388773374,1354835893,1305926076,362997528,2229002371,1541713637,58339631,727880483,187125523,109547123,1309364157,137413370,885145522
PRT,2016,3314031051,512480145,1135022401,1368420444,946976584,799084133,927840170,443345654,654620660,1421515733,1415984974,1397954779,438478592,2391279153,1611884509,64051896,725967455,215774836,106109646,1251832010,179196602,951954334
PRT,2017,3712262243,574062423,1271412591,1532856956,1060770211,895106234,1039334266,496620372,733283280,1592332451,1586137086,1565940291,491168458,2678627683,1805576928,65205921,813203477,242470027,124636558,1402258650,200729796,1066346113
RUS,2010,31060780798,2256394040,1323110546,1464289853,621272986,4301134670,3948689572,3702343553,36696332938,20356892338,4423227713,8622867930,28083919115,5592504045,11705207517,497634221,4966244702,9251667968,4539502348,4500789082,2361877520,5148579399
RUS,2011,31234860979,2500329399,1481025627,2105210065,655904170,4016324824,4896593032,3535056916,54810876477,22176628794,4005194821,10776173334,34921223027,4328848245,15733802243,600416073,5184559977,13670867953,4365134859,6569456123,14503387567,4480382400
RUS,2012,37376501836,2938667206,1458568304,2226309217,699809282,4116624374,4357449300,3855209194,59079312075,24532624709,4582645086,12457493687,33794964700,6997768568,17996142716,712131010,6132167196,12047007744,6197375076,8429358773,5201163392,5599382175
RUS,2013,40939319180,3004446630,1450978141,2601175533,829785486,4789342913,4722471337,3950762669,57868695760,24093712677,5371430302,12361944275,29642577236,8126576932,16341227090,708920373,5954931133,14611546112,6918459771,6823696246,3208924770,5735030756
RUS,2014,34154487728,2347399919,1331067916,2222850067,643151464,4573220422,4386343531,3808463486,48146334715,25030585718,4053915286,10749069127,33580672489,6763447808,14150348400,675852314,5272054528,15123415040,6864729246,6391517978,2821809784,6224105259
RUS,2015,22958121949,1767921802,1040292824,1418613944,413586674,3216353108,3789660415,2821835105,26135385923,24190594813,3195905979,6858584143,28443860241,5324294586,9620833754,501873636,3805020377,12002803712,5615116435,3291068822,2412154062,4252658250
RUS,2016,22683764612,1592715144,968370688,1273668059,487712251,3012753547,4071958853,2444511510,20945782680,21281442762,3133011362,6241893614,25799462070,5148269281,8047386351,474305532,3393420833,11704025088,4858033964,3448404782,1693466855,2729154481
RUS,2017,29606043289,2078755194,1263883002,1662346278,636544694,3932138843,5314575959,3190489533,27337691048,27775782656,4089095069,8146697681,33672540866,6719338074,10503162626,619046722,4428972254,2611004755,6340533254,4500735350,1809496748,3561995422
SAU,2010,6874501067,2118667,861311733,991196800,63844533,654921867,1813422133,675997333,17005389067,15190022400,1485836533,3746124533,2159679200,3163451467,1696978133,3805411,2040849600,29525997,15102457,433664533,181179200,2221144661
SAU,2011,6607478133,2326933,893996000,1056889867,69199467,677405333,1827262133,753115200,17392845333,16750842933,1582535733,3945448800,2378505067,3222384000,1917717600,13305151,2171172800,22307422,20301555,457698667,193167733,2269609568
SAU,2012,8625612267,2577333,1106007467,1242209600,79202133,818404533,2101161600,848349867,18506498400,18769804000,1951462133,4217406933,2943123733,3608839467,2184152267,12686233,2422845600,26320782,29971917,563051733,220395467,1508698400
SAU,2013,8918812000,2520267,1259589067,1310995467,87153067,873573600,2218564000,859574667,18034577067,19686322933,2295644533,4259524533,3163150933,3968636267,2463773867,16204200,2727281867,36478904,33327293,644828267,240271200,1642010400
SAU,2014,9687834400,2726133,1381490667,1442540000,94486133,925810400,2362012800,919282400,18923659200,21265460267,2532868800,4577446133,3435266133,4214167200,2671321867,20438417,2881628267,44015063,30140389,673813333,242514667,1679554133
SAU,2015,10348217067,3065333,1459526133,1471416533,98069333,933177067,2601221333,960504000,14299269867,23468893600,2532072800,4937614400,3531397333,4523326667,2639082667,14951038,3033022133,47955750,28074281,674210933,257683733,1744705067
SAU,2016,10401416267,2734133,1423990667,1492726133,92290667,935436800,2635311200,962045333,14560018133,23848896000,2555397067,4948785333,3528400800,4157268000,2487262667,14114009,2760797333,47546573,23381549,602298667,223199733,1684775733
SAU,2017,12920433760,1105832106,1258161867,1479074400,104295467,904593867,2517947200,867727733,18602805600,20987566666,7830463200,5571555733,4085304533,4493700533,1970919301,319100592,1283149110,1186584407,609938463,1403126049,537732197,2076887467
SGP,2010,1524448316,181700747,13197576,83742816,23465209,59387257,196749854,982429146,932521115,9675349173,589153859,348457801,120683560,1922638518,4472509146,1296963872,464467389,10063077271,5147233473,137130842,4337978215,1596176920
SGP,2011,1885760088,227000940,15463008,100711891,37028851,67189229,190297000,1070297096,226692193,13282393685,573439945,437756802,142596933,2204788452,5611131871,3641430277,486649451,6105223390,5556245994,184233918,4629604158,1811340016
SGP,2012,2123315404,234104493,17268476,99784264,45605421,96739475,175388661,989202001,580848156,14031065652,551130853,467533985,171950169,2211183539,5352502569,2782955588,605074435,5773941150,6574884016,165582119,4744532983,1969589718
SGP,2013,2094985701,204593188,17087829,87740750,56146408,98678175,193414049,955943419,45655718,11374150883,560509870,430875090,126010549,2237131783,5831098857,2920070513,660509071,6573664230,6005729510,277545752,5009800208,2222215296
SGP,2014,2472432269,221713227,13929995,73636400,50586007,104786709,198668561,952580403,25713271,11938562014,568575037,342626574,100115228,2190918275,6805661181,3410735464,636551833,7345174263,5029787479,280954185,5040265183,2507849730
SGP,2015,2529548826,207498455,15368501,66791046,45466150,94703690,173515902,824230720,1754394196,13390826469,515214664,284545306,118812212,1938459804,5256526467,2536182477,591964796,8134855547,4762311442,255728547,4285821832,2406525921
SGP,2016,2553334467,182895177,16846345,58393278,42498042,96224085,167995130,723880349,1472472867,16968836362,526349466,256240473,128962771,1869492583,4756906393,2144404144,618981199,7223961812,3552462593,287755167,4073372874,2977203075
SGP,2017,2800082235,239653009,18714960,64870327,47211973,106897370,186629340,804173978,1635801229,18851038945,584732747,284662956,143267468,2076858821,5284547848,2165024607,687639296,8050704076,4138293108,319673297,4525196015,3307437819
SRB,2010,1551448030,64113835,72792714,210803100,89058215,113790318,139717600,130068684,559154723,308209557,352272943,308138798,88180806,490258885,241637178,12410530,161363337,96292681,49253414,101941448,32596614,210149546
SRB,2011,1864087851,55891313,72437661,260161127,113193988,143528051,155433950,135216695,740725236,418472347,394202369,334629241,162138944,595124459,318541074,45583192,199079819,76424797,69552733,130265336,31423608,252746703
SRB,2012,1691009659,32746299,67995630,243119219,84938271,132993761,156612290,123393120,807851928,422469090,387912014,261852176,122142741,605522357,295197520,26673831,165436559,55341570,63018377,182580397,27408316,215353239
SRB,2013,1926111027,37075418,93098956,299937118,121294498,151790448,169853163,130891857,965264327,447099744,506417125,284542358,135266035,648316646,350841985,30401846,182123173,68440651,62527690,425195972,28920071,254153117
SRB,2014,1791643552,46578651,75540713,300509105,123128353,170144761,158381893,128103168,793996442,484334040,482101143,290774396,166767136,510577940,364729231,35590405,186184522,76645559,52484919,432100751,27113757,241492287
SRB,2015,1529036128,48839541,71014602,236560637,75624412,136030752,151628379,100915873,464954852,483669798,430453879,241101520,139064441,452358748,345556544,21102878,161146681,67687900,39625886,387078838,23858708,197514186
SRB,2016,1502032271,86730865,61548567,247332530,74683317,144231781,172493625,109593522,352850066,518695104,490432416,266668651,167168271,487688581,346965509,21126990,183417491,71171553,34999393,397287909,27247989,221185635
SRB,2017,1697854875,98038121,69572763,279577710,84419913,163035533,194981924,123881424,398851753,586318303,554370958,301434715,188962295,551269404,392200017,21703606,207329954,80705464,41484926,449083037,30800358,250021998
SWE,2010,4936354977,5082009107,411395992,89583492,44593263,2719659854,4804428157,1236040559,14847353019,3168371181,1846981580,1654052765,3419522573,5811150655,9502599216,503736691,2271080632,3908467580,1999169301,6537874952,1683428670,6934316526
SWE,2011,5488347097,14141479239,424822628,100539045,63966747,2600109351,5170877054,1327449076,46035137349,3385231226,2096301484,2242173555,3691159229,6874617601,11972210919,5579516457,3099745104,9245946678,8184765178,7741366837,1777163093,4551186725
SWE,2012,5004684834,835905426,393257367,82736927,51003978,2281303711,4469207331,1241953219,3124597395,9373939463,2004186486,2161309616,3329390488,6786612201,10948896825,989972260,2661585331,2053946386,2338863337,6748584155,1504681496,2690827059
SWE,2013,5558420051,603162699,413982837,92438891,52727359,2455341740,4490856947,1191744564,2496602789,8904813988,2024093094,2065929697,3296190553,7015129244,10713880408,1329294204,2883535803,2992507791,2733968715,6487058822,1827261984,2439656464
SWE,2014,5367368363,3100597783,413098918,97472774,51548218,2821273140,4941538327,1093419103,13365436915,3543632910,2032870994,1982477025,3629833300,6929717340,9690518002,1524805117,2438410781,3283737312,2248619328,6748696464,1857685336,2867906960
SWE,2015,4571380790,711669035,349418334,78954562,438676783,2337587595,4244473255,956104317,909973517,8180003547,1742545096,1706394583,3192337286,5355825339,8773937131,251129835,2189547655,805503923,471558533,8138863035,2102941658,2086342625
SWE,2016,4636358896,873245062,362300236,78631091,52310133,2308392200,4205823430,888387561,909463380,7646901444,1725349739,1784074140,3557641954,5383299310,8849370366,289577888,2188952404,975515558,479720494,8185263904,2084332146,2262575410
SWE,2017,5072048817,649867274,396346470,86020246,57225843,2525317429,4601054887,971871500,3098231500,8365499370,1887485050,1951727926,3891962221,5889181039,9680967222,287902041,2394653585,1070571730,550304615,8954453060,2280201907,2376425195
TUR,2010,8679829535,351285666,6025741212,4185223879,640358068,1066537895,1458659088,873508111,1163187476,5484228058,3633227020,5374224744,5046958023,4257697005,4628456374,83952802,3681567236,651385556,333181734,4884559540,956384820,2680842910
TUR,2011,9266990488,834045277,7248102197,5009732401,740507606,1199321982,1750638445,900261591,1535498223,5775385890,4447245931,5816843617,7288632092,5147336662,5785012859,297176507,4321640313,498246246,453444294,5880161278,1082559844,2835426419
TUR,2012,9644177563,1135335737,7043164322,5065126837,787788932,1434904694,1808290174,932256808,1112008472,5580249848,4496603076,5736940949,5090228623,5484769649,5916985984,235908030,4073262807,489450529,557345560,5486599222,1035218221,2994469380
TUR,2013,10649555484,1000961219,8793424819,5955481822,891118885,1414708712,1988809006,1020414857,999189434,6064069450,5132769162,6968848245,7067515750,6377980500,6812837804,281558165,5213777938,633843885,579082653,6216371007,1083936692,3327758769
TUR,2014,10924814131,547340728,8807398856,6039016837,861643153,1469605720,2222390144,951611606,691199312,6145854176,5131178116,7059893573,6917398188,6573691935,7085657645,334196917,4853710781,719708292,492837831,6095494768,1386011018,3244859515
TUR,2015,10442595846,714213417,8467869938,5632323647,778415919,1314385548,2119031931,850015207,1616261485,6214020298,5064750154,6670803996,6567838123,6382781183,7201068809,269417820,4716941790,864162997,505898759,5974956107,1334379413,3189510627
TUR,2016,11187630199,899143822,8723642832,5791563012,829255424,1387358444,2061900355,792594651,1542708134,6584000513,5447467040,6654911862,7350257379,6716824152,7352664949,289472615,4897938259,975160921,479546097,6492454575,1593593774,3353355795
TUR,2017,10745436212,746041997,9007253584,5663759819,803469953,1314034879,2400099173,746700143,2062911748,7145998608,5630360874,6130050454,8993671525,6795881375,7565431935,261228830,4997199579,971386654,499320638,7240756129,1650701538,3244723392
TWN,2010,4873810991,580915136,2594240156,888097755,520611208,301983571,1593526574,1209040220,4850032469,13843183474,3729372290,4240725238,7848097050,7184598983,6079042723,4368587314,4228623145,33895648636,17337521373,3335659274,2346668608,3405238412
TWN,2011,5419993359,652439088,2903398181,999561674,617124817,343921699,1646073386,1369985874,4423915545,13142559667,4317192926,4635833750,8007555894,8480969966,7024689777,14394303339,4321807958,24133494460,21963427601,3866887948,2687577558,3852432039
TWN,2012,5987258462,660120538,3016925245,982388224,635476263,346608068,1559381762,1400310100,4122930823,10797964031,4654610379,4644311746,6678004617,7894999062,7635000803,11560937578,4714882702,23986072042,27313344141,3801410899,2748789379,4004006945
TWN,2013,5930068217,579121645,3076870573,980086785,593265227,348696995,1518365307,1381822269,5608778229,11546401809,4647266672,4170894378,7529785949,8059532630,7465595605,12723056698,4712028044,28642151730,26167599965,3939056727,2764114797,4075095917
TWN,2014,5920406164,530907306,3077452441,988664894,612145109,352450177,1511841358,1313983257,4469933570,11274388588,4747540768,3787061351,8508820309,8391468625,8301149974,16496716915,4830549633,35526431702,24327591824,4321926886,2929445757,4465521357
TWN,2015,6014663663,493381825,3327578902,968171108,600703601,350386928,1566962938,1259418490,5699303517,13561729198,4993295794,3674769098,6285653163,8433073730,8285397236,12455969421,4703803481,39952768714,23389171017,4511748822,3102303299,4559480422
TWN,2016,6562840458,470095824,3301651989,899727777,569707975,365688422,1583402095,1266468005,7286576135,14806127442,4975385714,3604974464,6342208447,8515581263,8135786258,12736942695,4753547318,42907577795,21100272825,4489760399,3054137138,4967992132
TWN,2017,7332262218,627552536,3247738181,903739017,565263921,393924044,1769307608,1323055262,7803913861,17361137915,5025816446,3583716759,7215819953,9408090034,9153116850,12824734522,5003676285,47689131160,24513583034,4711518143,3091377403,5286308245
USA,2010,307119779000,32857836000,22119314000,6697112000,2307150000,28870547000,79016509000,49304673000,93976876000,349884884000,89332039000,49155946000,83832437000,156888259000,154527272000,15752115542,54701519000,122219869999,62515092458,185969589226,84907026773,128775305000
USA,2011,315122055000,32867704000,22921055000,6460568000,2486987000,28710744000,81943847000,48600616000,126208226000,374939703000,91723367000,50889836000,97934074000,172967462000,177486219000,49497048555,58535994000,82986770457,75524658385,180115529288,84358473139,132938693000
USA,2012,311705408000,31754833000,21726871000,6448769000,2112513000,31846820000,83709380000,49117858000,131526603000,364780760000,100193844000,54307103000,86630216000,179789059000,186889018000,33635809489,60274105000,69785944617,79466430279,140439475000,144200860000,130380868000
USA,2013,320739077000,31940025000,22744303000,6287863000,2142363000,37001807000,85649677000,48883906000,129959240000,371170473000,104343915000,59297012000,88100627000,185658864000,183713771000,34125329161,59633295000,76822958420,70185803880,151827100000,151331458000,134466417000
USA,2014,331801846000,29710770000,23052644000,6260705000,2034590000,40293556000,85262700000,47631888000,92032691000,380294991000,107708810000,63453438000,91440063000,190967159000,199109667000,37883373222,61255543000,81583570739,55866342704,163351189000,163421562000,132746091000
USA,2015,340789276000,33538372000,22629117000,5993617000,1939801000,40965963000,85780835000,47379345000,101843298000,384561916000,111808931000,67070680000,81628118000,186310447000,139063490000,29127600567,87852931000,93427355933,54694292184,174178479000,163769981000,150347851904
USA,2016,354437049000,34366602000,22541928000,5681809000,1990539000,44245067000,84463610000,49169250000,85965592000,400332503000,118271006000,71427647000,79866090000,182987657000,134361562000,28953442517,89234774000,97536914229,47964849253,181173905000,149414959000,144609521824
USA,2017,368194656420,35700554588,23416901417,5902350554,2067802520,45962455924,87742096803,51077772940,89302378800,415871559740,122861739600,74200137994,82966122335,190090391760,139576856580,27334526005,92698455329,101644193384,52248034590,188206238290,155214556850,144409668800
VNM,2010,5746265294,537770515,1089736333,1990714410,1152549026,444831223,580712572,578196711,637555401,1480375899,1255065206,2677332721,1247202862,1829989051,367986125,121707502349,961643106,1404041384,221573472,1111286235,1179531313,1082182601
VNM,2011,6895659869,586078024,878702727,1579067938,1560307409,619812299,748210401,304486339,1236121996,1892718439,1394452879,2484267319,1762279878,1596032332,769362571,409547936,1052987671,686648226,624905300,1019069022,1658270240,11193295184
VNM,2012,7461921932,601170147,873052479,1717788551,1785000820,696466060,730602397,310524976,1264253369,2172809941,1461988280,2576925523,1643410658,1740788289,776150374,548485780,1148743081,1137971669,1295827502,1029868951,1766674808,7724249301
VNM,2013,8425990023,699596871,969941619,2132670863,2184390016,846141373,809968749,347947097,1486691998,2418952311,1676957107,2658893394,1696123887,1858449450,782438398,898929676,1337511582,2023670946,1848834972,1253259076,1867697589,1768628293
VNM,2014,9152053622,274897849,1396059980,3101486712,3032735534,965580629,1031897526,532626614,1187643279,2656806156,1912993545,3236420623,2013945906,2435172093,1001392898,2526915153,1857036557,5441826945,3726423914,2117766790,2221393699,2498953933
VNM,2015,8615348241,283493030,1361045240,3474335433,3224820298,939329860,969038514,532243232,1371868738,2883252215,1919768445,3052456032,1923676983,2408418519,985719113,1712739079,1740910902,5493644531,3216092290,1878952442,1893706918,2555161284
VNM,2016,9583901165,287146773,1499293477,3843927842,3679835864,1047750694,1078959953,538905518,1188376687,3077472092,2419151346,3396884031,2259931151,2722349057,1075236613,2103585710,1830038696,7086454707,3484841964,2199996849,2064767801,2798120353
VNM,2017,11013576558,329981801,1722950102,4417344549,4228774203,1204048569,1239913459,619296577,1365652400,3536553008,2780027475,3903613121,2597055658,3128454608,1235634691,2196945233,2103034134,8169401808,4199307152,2528180676,2372778878,3215529062
